:020000040800F2
:1000000000000820C5A80008D14F0008D34F000801
:10001000D54F0008D74F0008D94F00080000000056
:1000200000000000000000000000000031A60008F1
:10003000DB4F000800000000D1A6000835A700082B
:1000400015A9000815A9000815A9000815A9000898
:1000500015A9000815A9000815A9000815A9000888
:1000600015A9000815A9000815A9000815A9000878
:1000700015A90008DD4F000815A90008ED4F00087C
:1000800015A9000815A9000815A9000815A9000858
:1000900015A9000815A9000815A9000815A9000848
:1000A00015A90008FD4F000815A9000815A90008AA
:1000B00015A9000815A9000815A9000815A9000828
:1000C00015A9000815A9000815A9000815A9000818
:1000D00015A9000815A9000815A9000815A9000808
:1000E00015A9000815A9000815A9000815A90008F8
:1000F00015A9000815A9000815A9000815A90008E8
:1001000015A9000815A9000815A9000815A90008D7
:1001100015A9000815A9000815A9000815A90008C7
:1001200015A9000815A9000815A9000815A90008B7
:1001300015A9000815A9000815A9000815A90008A7
:1001400015A9000815A9000815A9000815A9000897
:1001500015A9000815A9000815A9000815A9000887
:1001600015A9000815A9000815A9000815A9000877
:1001700015A9000815A9000815A90008000000002D
:1001800015A9000815A9000815A9000815A9000857
:1001900015A9000815A9000815A9000815A9000847
:1001A00015A9000815A9000815A9000815A9000837
:1001B00015A9000815A9000815A9000815A9000827
:1001C00015A9000815A9000815A9000815A9000817
:1001D00015A9000815A9000815A9000815A9000807
:1001E0000D5000081D5000082D5000083D5000081B
:0801F00015A9000815A900087B
:100200000348044B834202D0034B03B118477047A5
:100210007000002070000020000000000548064B20
:100220001B1AD90F01EBA301491002D0034B03B1F4
:100230001847704770000020700000200000000088
:1002400010B5064C237843B9FFF7DAFF044B13B11E
:100250000448AFF300800123237010BD700000201C
:100260000000000018A9000808B5044B1BB10449A0
:100270000448AFF30080BDE80840CFE7000000006D
:100280007400002018A900080CB410B59CB01EAB77
:10029000029106916FF0004104910791084953F8CB
:1002A000042B0591002402A901931B9400F0E4F9AA
:1002B000029B1C701CB0BDE8104002B0704700BF2C
:1002C0000802FFFF0EB430B59CB06FF000411FABC9
:1002D000049107910A4953F8042B029000240690D8
:1002E000084D0868019302A905951B9400F0C4F914
:1002F000029B1C701CB0BDE8304003B0704700BFCB
:10030000000000200802FFFF10B51C4C00292468E3
:100310009AB02DDB009004904FF40270ADF80C0001
:100320004FF00000199013D001394FF6FF70029181
:100330000591ADF80E006946204600F09DF9421C7B
:1003400001DA8B232360009B00221A701AB010BDC3
:100350004FF6FF7002910591ADF80E0069462046F8
:1003600000F08AF9431C01DA8B2323601AB010BD18
:100370008B2323604FF0FF30F8E700BF0000002020
:1003800030B51446002C9BB005462EDB1A464FF4C0
:100390000273ADF80C304FF00003009104911993F3
:1003A00013D04FF6FF73013CADF80E3069461E9B2B
:1003B0000294059400F060F9421C01DA8B232B6053
:1003C000009B00221A701BB030BD4FF6FF73ADF8D2
:1003D0000E3069461E9B0294059400F04DF9431CB3
:1003E00001DA8B232B601BB030BD8B2303604FF0F1
:1003F000FF30F8E780EA0102844612F0030F4FD184
:1004000011F0030F32D14DF8044D11F0040F51F8E3
:10041000043B0BD0A3F101329A4312F0803F04BF9A
:100420004CF8043B51F8043B16D100BF51F8044B83
:10043000A3F101329A4312F0803FA4F101320BD1B3
:100440004CF8043BA24312F0803F04BF51F8043B38
:100450004CF8044BEAD023460CF8013B13F0FF0F95
:100460004FEA3323F8D15DF8044B704711F0010FC8
:1004700006D011F8012B0CF8012B002A08BF704799
:1004800011F0020FBFD031F8022B12F0FF0F16BF90
:100490002CF8022B8CF8002012F47F4FB3D1704758
:1004A00011F8012B0CF8012B002AF9D1704700BF7D
:1004B0002DE9F0478F681D46AF420B680C46164683
:1004C00036D8B1F90CC01CF4906F0ED13D461846D9
:1004D00031462A4600F06EFEA368DF1B2368A76042
:1004E0002B4400202360BDE8F0874A69096902EBCC
:1004F00042025F1A02EBD2726B1C52103B449342D1
:1005000092BF914699461A461CF4806F804611D0DE
:10051000114600F071FD824600B321693A4600F0B1
:10052000A1FFA38923F4906343F08003A38105E036
:100530002F46CCE701F030F8824658B10AEB0703AA
:10054000A9EB0707A760C4F810A0C4F814902360B3
:100550002F46BCE72169404600F0CEFDA3890C225E
:1005600043F04003C8F800204FF0FF30A381BAE702
:100570002DE9F04F9368176883B09246002B74D032
:100580004FF0000B8B680A6881460C465D4645E0DB
:10059000B4F90C3013F4906F2CD0D4E90401161A7E
:1005A00001EB410202EBD272711C521029449142BC
:1005B00092BF904688460A465B0539D511464846A3
:1005C00000F01AFD019000283DD03246216900F06C
:1005D00049FFA289019B22F4906242F08002A2812D
:1005E0009819A8EB0606A660C4F814802361206061
:1005F000A8462E463246594600F0DCFDDAF80810CF
:10060000A3682268A3EB08033244491BA36022605D
:10061000CAF8081049B3D7E900B50837984610461C
:10062000002DF8D09D421E46B2D2A8462E46E1E7E4
:100630000146484600F0B0FF03460028D0D12169AA
:10064000484600F059FDA3890C2243F04003C9F845
:1006500000204FF0FF30A38100220023CAF80820B9
:10066000CAF8043003B0BDE8F08F00200023CAF8B8
:10067000043003B0BDE8F08F2DE9F04F1C468B89A4
:100680001D069DB088468146934603D50B69002B15
:1006900000F0F1800023099343F22003ADF82930E4
:1006A0009BF800307D4D03940126002B73D0DA4671
:1006B00003E01AF8013F002B75D0252BF9D1BAEBD6
:1006C0000B0473D19AF80020002A64D000234FF065
:1006D000FF32CDE905230AF1010A049307938DF84F
:1006E00053301A9305E0049A06FA03F31A4304926E
:1006F000A2465446052214F8011B284600F000FECD
:10070000A346431B0028EED1049BD80644BF2022F9
:100710008DF8532019079AF8001044BF2B228DF84A
:1007200053202A2950D1039A1168043200290392D8
:100730007CDB07919AF801102E295BD0584C0322DC
:10074000204600F0DDFD38B1049B001B40228240B2
:1007500013430BF1010B04931BF8011B51488DF857
:100760002810062200F0CCFD002865D04E4B002B4F
:1007700055D003AA00924D4B424604A94846AFF318
:10078000008007467A1C06D0099B3B4409939BF8DE
:100790000030002B8BD1B8F80C305B067AD4099866
:1007A0001DB0BDE8F08FBAEB0B04F4D023465A46D7
:1007B00041464846FFF77CFE0130ECD0099B9AF891
:1007C0000020234409937FE7A1F13002092A88BF62
:1007D000D346B1D8079B00E00134217803EB8303B3
:1007E00002EB4303A1F13002092AF5D92E29079320
:1007F000A346A3D19BF801102A2927D1039B9BF87C
:1008000002101A6805920433002A0BF102000393C8
:10081000B8BF4FF0FF338346B8BF05938EE7039B05
:10082000073323F0070308330393ADE7494243F04E
:100830000203079104937DE703AA00921B4B4246F3
:1008400004A9484600F06CFF07469BE7A1F130027F
:100850000023092A05930BF1010B3FF66FAF1BF83C
:10086000011F03EB830302EB4303A1F13002092ACA
:10087000F5D9059362E7402100F0BEFBC8F80000FF
:10088000C8F8100018B14023C8F8143002E70C2350
:10089000C9F800304FF0FF3082E700BF28B30008EE
:1008A00030B3000834B3000800000000B1040008B1
:1008B00070B50F4B0F4DAB42A3EB050607D0B6103A
:1008C000002455F8043B01349847A642F9D80AF0B1
:1008D00023F8094D094B5E1BAB424FEAA60606D032
:1008E000002455F8043B01349847A642F9D870BD5E
:1008F00094B4000894B4000894B4000898B40008B4
:100900000EB470B59DB021AC00254FF4017254F8BF
:10091000046BADF814201B950290069000F0B0F91E
:100920000B4B0B930B4B03904FF6FF710790ADF8F9
:10093000161018680F953246234602A914950194A3
:1009400001F0DCFD1DB0BDE8704003B0704700BF92
:10095000C9200008000000200CB4F0B59DB022AC06
:1009600000254FF401730646084654F8047BADF8A1
:100970001430029106911B9500F082F9034603930F
:1009800007930A4B0B934FF6FF73ADF816303A46B8
:100990003046234602A90F951495019401F0AEFD4F
:1009A0001DB0BDE8F04002B0704700BFC92000088C
:1009B000036A2DE9F041846880460E46002B3BD047
:1009C000A3891B0717D52369ABB1013EA36816F8AD
:1009D000015F013BA360EDB1002B07DAA7699F42DD
:1009E00022462946404610DC0A2D0ED023685A1CA8
:1009F00022601D70EAE72146404600F0D1FC002845
:100A0000E3D04FF0FF30BDE8F08101F0E9FA0130AA
:100A1000DCD1F6E7002B09DA22460A21404601F034
:100A2000DFFA0130EDD00A20BDE8F08123680A2208
:100A3000591C21601A70F6E700F0F4F8C0E700BF17
:100A4000024B01461868FFF7B3BF00BF000000204B
:100A500000207047024A0349034800F02BBC00BF46
:100A600050000020210F0008040000200C4B4168BA
:100A7000994210B5044601D000F052FAA168094B22
:100A8000994202D0204600F04BFAE168064B9942A9
:100A900004D02046BDE8104000F042BA10BD00BFAF
:100AA0008C000020F40000205C0100200020704732
:100AB0002DE9F8432A4C2B49DFF8BC90DFF8BC80C5
:100AC000294FC4F83811002504230822294604F1CF
:100AD0005C00264EE360C4E90055C4E90455A560F6
:100AE0006566A56100F038F9214B63670822294645
:100AF00004F1C400C4E90849C4E90A87C4E91A55E5
:100B0000C4E91E552567C4F8CC50C4F8805026634C
:100B100000F022F9174BC4F8DC30294604F16803D1
:100B2000082204F59670C4F88830C4E92398C4E913
:100B30002576C4E93455C4E93855C4F8D850C4F80A
:100B40003451C4F8E85000F007F904F1D003C4E9C7
:100B50003D98C4E93F76C4F8F030BDE8F88300BFA3
:100B60008C000020550A00080D21000831210008E2
:100B70000900010012000200A5200008CD20000895
:100B8000F8B5254BD3F838310646002B3CD0234F1F
:100B9000D7E90134013B04D51DE05A1C04F1680477
:100BA00019D0B4F90C50013B002DF6D11C4BE36079
:100BB000C4E90155C4E9045565662560A5610822AC
:100BC000294604F15C0000F0C7F8C4E90D55C4E9FA
:100BD00012552046F8BD3D680DB12F46D8E74FF4B9
:100BE000D671304600F008FA044680B10423C0E90B
:100BF00000530C302946A0604FF4D072254600F017
:100C0000ABF83C602F46C3E7FFF752FFBFE70C236A
:100C100038603360DDE700BF8C000020500000200A
:100C20000100FFFF036A03B17047044B044AD3F885
:100C300038310262002BF7D13AE700BF8C00002068
:100C40006D0A0008704700BF704700BF024A0349A1
:100C5000002000F02FBB00BF50000020510A000808
:100C6000024A0349002000F025BB00BF50000020CD
:100C7000AD0A0008000000000000000000000000B5
:100C800030B490F800F020F007016FF0000C10F085
:100C9000070491F820F040F048804FF000046FF016
:100CA0000700D1E9002391F840F000F1080082FA32
:100CB0004CF2A4FA8CF283FA4CF3A2FA8CF34BBBFD
:100CC000D1E9022382FA4CF200F10800A4FA8CF276
:100CD00083FA4CF3A2FA8CF3E3B9D1E9042382FA44
:100CE0004CF200F10800A4FA8CF283FA4CF3A2FA59
:100CF0008CF37BB9D1E9062301F1200182FA4CF291
:100D000000F10800A4FA8CF283FA4CF3A2FA8CF3F7
:100D1000002BC6D0002A04BF04301A4612BAB2FA19
:100D200082F200EBD20030BC7047D1E9002304F01E
:100D30000305C4F100004FEAC50514F0040F91F853
:100D400040F00CFA05F562EA05021CBF63EA0503F0
:100D500062464FF00004AAE7830730B547D0541E1F
:100D6000002A3ED0CAB2034601E0013C39D303F861
:100D7000012B9D07F9D1032C2CD9CDB205EB05250C
:100D80000F2C05EB054535D9A4F1100222F00F0C0C
:100D900003F1100EE6444FEA121C1A46C2E9005550
:100DA000C2E9025510327245F8D10CF1010214F07B
:100DB0000C0F03EB021204F00F0C13D0ACF1040380
:100DC00023F003030433134442F8045B9342FBD142
:100DD0000CF003042CB1C9B21C4403F8011BA3425C
:100DE000FBD130BD64461346002CF4D1F9E703462D
:100DF0001446C0E71A46A446E0E700BFB1F90C303C
:100E00002DE9F0411E070C4680463DD44A68002A71
:100E100056DDE56A002D34D00022D8F80060C8F80D
:100E2000002013F48052216A57D101234046A8477D
:100E3000451C024666D0B4F90C30E56A216A5807B1
:100E400005D56368D21A636B0BB1236CD21A0023E9
:100E50004046A847431C42D00023636023692360B7
:100E6000A389DF0400D56065616BC8F8006041B1FB
:100E700004F14403994202D0404600F03DF90023BA
:100E800063630020BDE8F0810E69002EF9D09B0756
:100E90000D6808BF4B690E6018BF0023AD1B8B6047
:100EA0000BE02B463246216AA76A4046B847B0F1AC
:100EB000000CA5EB0C05664406DD002DF1DCE0E737
:100EC0000A6C002AA5DCDCE7B4F90C3043F04003DF
:100ED000A3814FF0FF30BDE8F081626DAFE7D8F835
:100EE0000010B4F90C301D29F0D80C4ACA40D507BF
:100EF000ECD52269226000226260DA04B4D50029B0
:100F0000B1D0B1E7D8F80030002B94D01D2B01D020
:100F1000162BD9D1C8F80060B3E700BF010040200C
:100F20000B69B3B110B5044682B008B1036A5BB176
:100F3000B1F90C3013B9002002B010BD204602B048
:100F4000BDE81040FFF75ABF0191FFF76BFE019912
:100F5000EEE70020704700BFB8B138B50D4A03690D
:100F6000156804462BB10DB12B6A53B1B4F90C309E
:100F70000BB9002038BD21462846BDE83840FFF7B0
:100F80003DBF2846FFF74EFEF0E7034A03490448F9
:100F900000F090B90000002050000020210F000850
:100FA00004000020014B1868704700BF00000020BB
:100FB00070B5104E336805460C46B3B1214628463D
:100FC00001F05EF8431C0CD0C41C24F00304A042C2
:100FD00005D0211A284601F053F8013001D02046EF
:100FE00070BD4FF0FF34204670BD194601F048F83F
:100FF0003060E3E7C80100202DE9F843CD1C25F05F
:10100000030508350C2D38BF0C25002D064618DBCE
:10101000A94216D8DFF8DC8000F0C4FCD8F8042020
:10102000A2B1144603E0636822467BB11C462368E4
:101030005B1BF8D40B2B1FD89442636854D05360C9
:101040000CE00C2333600020BDE8F88329463046CD
:10105000FFF7AEFF431C044619D00560304600F090
:10106000A3FC04F10B00231D20F00700C21A1CBFD3
:101070001B1AA350BDE8F88361199442256014BF80
:101080005160C8F80410635163684B60E6E7D8F814
:1010900004701FB33C467F68002FFBD1236839469C
:1010A000304604EB030900F0EBFF814516D12368BD
:1010B000ED1A29463046FFF77BFF01300ED023683A
:1010C000D8F804202B442360536883B1A34203D093
:1010D0001A465B689C42FBD10023B0E70C233360C7
:1010E000304600F061FCAEE7C8F80430B6E7C8F857
:1010F0000470B3E7C8010020002950D038B551F87A
:10110000043C0C1F002BB8BFE418054600F04AFC55
:10111000274A13682BB1A3420CD921686018834277
:101120002CD0636028461460BDE8384000F03CBC19
:10113000A3420FD81A465B68002BF9D111685018EA
:10114000844217D02CD3636054602846BDE83840F1
:1011500000F02ABC11685018A04214D020D8216891
:1011600060188342EFD118685B680844C4E9000343
:101170005460EAE723680B441360E6E718685B688D
:1011800008442060CDE72068014450188342116074
:10119000DBD1D3E900040144C2E90014D5E770476C
:1011A0000C232B602846BDE8384000F0FDBB00BF93
:1011B000CC01002088420ED98B1883420BD900EB5A
:1011C000020C002A6ED0624613F801CD02F801CD60
:1011D0009942F9D170470F2A0FD8034602F1FF3C1C
:1011E000002A5FD00CF1010C013B8C4411F8012B5B
:1011F00003F8012F6145F9D1704740EA01039B07CD
:1012000051D1A2F1100370B501F1200C23F00F05AC
:1012100001F1100E00F11004AC441B095EF8105CE3
:1012200044F8105C5EF80C5C44F80C5C5EF8085CFA
:1012300044F8085C5EF8045C44F8045C0EF1100E9F
:10124000E64504F11004E9D1013312F00C0F01EB73
:10125000031102F00F0400EB031328D0043C24F028
:1012600003064FEA940C1E441C1F8E465EF8045B76
:1012700044F8045FB442F9D10CF1010402F0030216
:1012800003EB840301EB840102F1FF3C4AB10CF152
:10129000010C013B8C4411F8012B03F8012F61452F
:1012A000F9D170BD704702F1FF3C03469AE7224630
:1012B000EAE700BF2DE9F8430746884616464FF097
:1012C0000009D6E90154013D10D4A389012B08D9A6
:1012D000B4F90E3001332146384602D0C04749EAFE
:1012E0000009013D6B1C04F16804EED13668002E44
:1012F000E7D14846BDE8F883000000000000000088
:1013000001F0FF01102A2BDB10F0070F08D010F8B6
:10131000013B013A8B422DD010F0070F42B3F6D1BA
:10132000F0B441EA012141EA014122F007047FF0D3
:1013300000070023F0E80256083C85EA010586EA2A
:10134000010685FA47F5A3FA87F586FA47F6A5FA66
:1013500087F68EB9EED1F0BC01F0FF0102F0070272
:1013600032B110F8013B013A83EA010313B1F8D11D
:101370000020704701387047002D06BF35460338FE
:10138000073815F0010F07D1013015F4807F02BF37
:10139000013015F4C03F0130F0BC0138704700BF88
:1013A00038B52F4B1B6805460C4613B11A6A002A44
:1013B0004BD0B4F90C3018071CD5226922B313F0B6
:1013C000010107D0616900204942A060A1613AB1E2
:1013D000002038BD980758BF6169A160002AF7D185
:1013E000190658BF1046F4D543F04003A3814FF0CF
:1013F000FF3038BDD9062CD55A0712D4226943F0E4
:101400000803A381002ADAD103F42071B1F5007F2B
:10141000D5D02146284600F00FFBB4F90C302269E4
:10142000CDE7616B51B104F14402914204D02846EA
:10143000FFF762FEB4F90C300022626322690021DA
:10144000C4E9002123F02403D9E71846FFF7EAFB9B
:10145000AFE7092243F040032A60A381C7E700BF3A
:1014600000000020844641EA000313F003036DD11D
:10147000403A41D351F8043B40F8043B51F8043B57
:1014800040F8043B51F8043B40F8043B51F8043B5E
:1014900040F8043B51F8043B40F8043B51F8043B4E
:1014A00040F8043B51F8043B40F8043B51F8043B3E
:1014B00040F8043B51F8043B40F8043B51F8043B2E
:1014C00040F8043B51F8043B40F8043B51F8043B1E
:1014D00040F8043B51F8043B40F8043B51F8043B0E
:1014E00040F8043B51F8043B40F8043B51F8043BFE
:1014F00040F8043B403ABDD2303211D351F8043B9E
:1015000040F8043B51F8043B40F8043B51F8043BDD
:1015100040F8043B51F8043B40F8043B103AEDD24C
:101520000C3205D351F8043B40F8043B043AF9D29D
:10153000043208D0D2071CBF11F8013B00F8013B70
:1015400001D30B8803806046704700BF082A13D37D
:101550008B078DD010F003038AD0C3F10403D21A95
:10156000DB071CBF11F8013B00F8013B80D331F8C9
:10157000023B20F8023B7BE7043AD9D3013A11F849
:10158000013B00F8013BF9D20B7803704B784370B4
:101590008B788370604670472DE9F041144641B363
:1015A0000AB306460D4600F0C7FD8442074602D83E
:1015B000B4EB500F13D821463046FFF71DFD80468F
:1015C00050B1BC422246294628BF3A46FFF74AFF9F
:1015D00029463046FFF790FD4046BDE8F081A84619
:1015E0004046BDE8F081A046FFF786FD4046BDE8D5
:1015F000F081BDE8F0411146FFF7FEBC2DE9F84F40
:1016000092461F460A698B68DDF828909A42B8BF57
:101610001A46CAF8002091F843300C46064613B12A
:101620000132CAF80020226891065FD5DAF800304E
:101630000233CAF80030226812F0060F11461DD19D
:10164000E1689942D8BF114618DD4FF0000804F157
:10165000190B05E0E568DAF80030ED1A45450CDDB8
:1016600001235A4639463046C847013008F101087F
:10167000F0D14FF0FF30BDE8F88F216894F8433087
:10168000003B18BF01238A060AD5E1185A1C3020F6
:1016900081F84300224494F8451082F84310023345
:1016A00004F1430239463046C8470130E1D023688F
:1016B000DAF80050216903F00603042BD4E9022074
:1016C0001BD08A4220DD4FF00008521A90441A3491
:1016D000002501E0454517DA012322463946304608
:1016E000C847013005F10105F4D1C2E712F0060F39
:1016F0000DD0003B18BF0123D2E7401B8A4220EAED
:10170000E078E2DC0028E2DC0020BDE8F88FE16848
:10171000DAF800309942D8BF114696DCAEE700BF38
:101720002DE9F047174684B00A7E0C9D0C4606460C
:10173000984601F1430C002A35D0A2F15803D9B2E2
:10174000202969D8202B67D8DFE813F0E60066006F
:101750006600660066006600660066006600660059
:101760006600AC00700066006600660066007000EF
:10177000660066006600660021008300C600660001
:101780006600B6006600830066006600EC002B6809
:1017900022686169181D286010061B6802D4520671
:1017A00000F1E08019600023E1462361CDF800805C
:1017B0003B4603AA21463046FFF720FF013020D0E8
:1017C00023694A4639463046C047013019D023685C
:1017D000E068DDF80C909B0718D5484516DD00251C
:1017E00004F1190A04E0E068A0EB0903AB420DDD47
:1017F0000123524639463046C047013005F1010504
:10180000F1D14FF0FF3004B0BDE8F0874845B8BFD4
:10181000484604B0BDE8F08784F84220012004F176
:1018200042090023206184F84330BFE72A68236817
:10183000111D1806296002D4590600F19580106820
:10184000014600286268C0F2938054484FF00A0EA7
:1018500015E020682B6810F0800F53F8041B02D1AC
:10186000400648BF89B26F2A4C482B6014BF4FF026
:101870000A0E4FF0080E0023626884F84330002AF5
:10188000A26051DB236823F00403236000294BD1BD
:10189000002A7BD1E146BEF1080F56D0ACEB09031C
:1018A000236183E72B681A6804332B6004F1420933
:1018B00084F842200120B4E72B686268191D296072
:1018C000D3F8009000214846FFF71AFD002863D0A6
:1018D000A0EB09006060A4E7236843F020032360C5
:1018E00078222F4884F845202A6813F0800F52F898
:1018F000041B03D113F0400F18BF89B22A60DA0726
:1019000044BF43F02003236019B9236823F0200368
:1019100023604FF0100EAEE7582384F845301F487F
:101920002368E1E72368DBE77546E146B1FBF5F3A1
:1019300005FB131A0A46AA4210F80A1009F8011DFD
:101940001946F3D2BEF1080FA8D12368DD07A5D54B
:10195000626823699A42A1DC302309F8013C09F14D
:10196000FF399BE719801EE7B2F90010084668E7C7
:101970002D20002AA26084F8430002DB23F0040338
:1019800023600A2505484942AE46CEE7037884F82D
:10199000423004F142097EE7606842E73CB3000848
:1019A00050B30008704700BF704700BF002A3ED008
:1019B00030B584460446084380070B462ED1032ADF
:1019C00007D82BE0043A25D01EF0803F22D1032A0D
:1019D00022D92068194653F8045BA0F1013EA842C1
:1019E000A4462EEA000E04F10404EBD09CF800009B
:1019F0000C7884421DD1E64668B11EF8010F11F83B
:101A0000014FA2EB0E03A04203F1FF3311D11CEBF7
:101A10000303F1D1002030BDA44619469CF8000014
:101A20000C78A04205D1012AF4D0E646E4E710463E
:101A30007047001B30BD00BF70B5B1F90C300C46CB
:101A4000990796B007D504F147030122C4E904328F
:101A5000236016B070BDB4F90E100029054629DBCD
:101A60006A4601F06FF9002822DB4FF480612846B6
:101A7000019EFFF7C1FA88B3A389206043F0800379
:101A800006F47046A381B6F5005F4FF48063C4E9A5
:101A90000403DED1B4F90E10284600F005F9002841
:101AA000D7D0A38923F0030343F00103A381D0E738
:101AB000B4F90C3013F0800F14BF40264FF4806649
:101AC00031462846FFF798FA40B1A389206043F0D9
:101AD0008003C4E90406A38116B070BDB4F90C30CC
:101AE0009A05B6D423F0030304F1470243F002033E
:101AF0000121C4E90421A3812260AAE770B50C4644
:101B0000B1F90E10002996B015461E460FDB6A4645
:101B100001F018F900280ADB019B03F47043A3F5D8
:101B20000053B3FA83F34FF480625B0908E0A289A3
:101B300012F0800F4FF0000314BF40224FF4806278
:101B4000002033602A6016B070BD00BF08B410B525
:101B5000002A9DB0044636DB4FF40273ADF8143012
:101B60004FF000031B930291069120AB17D0013A6E
:101B70004FF6FF7104920792ADF816101F9A019369
:101B800002A9FEF779FD421C01DA8B232360029B38
:101B900000221A701DB0BDE8104001B070474FF62A
:101BA000FF7104920792ADF816101F9A019302A9D3
:101BB000FEF762FD431C01DA8B2323601DB0BDE8F4
:101BC000104001B070478B2303604FF0FF30F5E702
:101BD0000CB410B5214B00291C689CB038DB4FF0C9
:101BE00000034FF402721B93ADF81420029006908C
:101BF0001FAB18D001394FF6FF7204910791ADF871
:101C0000162002A91E9A01932046FEF735FD421CBC
:101C100001DA8B232360029B00221A701CB0BDE8FE
:101C2000104002B070474FF6FF7204910791ADF873
:101C3000162002A91E9A01932046FEF71DFD431CA3
:101C400001DA8B2323601CB0BDE8104002B070475E
:101C50008B2323604FF0FF30F5E700BF000000202A
:101C60000EB400B582B003AB816853F8042B019326
:101C700000F072F802B05DF804EB03B0704700BFEB
:101C80000FB400B5074983B004AB086853F8042BC0
:101C90008168019300F060F803B05DF804EB04B0D4
:101CA000704700BF0000002038B5074D00220446F1
:101CB00008462A6003F064FA431C00D038BD2B6844
:101CC000002BFBD0236038BDD00100209368013B7E
:101CD000002B936011DA10B49469A34209DB0A293E
:101CE00007D01368581C1060197008465DF8044B43
:101CF00070475DF8044B00F073B91368581C10600E
:101D000019700846704700BF9BB1F8B513440646EA
:101D10000F46541E5D1E01E0AC4208D014F8011FAE
:101D20003A463046FFF7D2FF431CF5D1F8BD0020FC
:101D3000F8BD0020704700BF936810B514461BB96A
:101D400018460023636010BD00F0FEF90023A36075
:101D50000023636010BD00BF2DE9F04FA1B08B469A
:101D600091461C46049018B1036A002B00F01C81B8
:101D7000BBF80C30180740F19580DBF81030002BD1
:101D800000F090800023CA460D9343F22003ADF883
:101D900039309AF80030864E07940127002B79D00D
:101DA000D14604E019F8013F002B00F08580252B77
:101DB000F8D1B9EB0A0840F0828099F80030002B86
:101DC00068D000234FF0FF32CDE9092309F1010962
:101DD00008930B938DF863301E9305E0089A07FA79
:101DE00003F31A430892A1464C46052214F8011B3E
:101DF0003046FFF785FAA246831B0028EED1089BE8
:101E0000D90644BF20228DF8632099F800101A07E4
:101E100044BF2B228DF863202A2966D1079A1168C6
:101E2000043200290792C0F29A800B9199F80110B0
:101E30002E2970D05F4C03222046FFF761FA38B19B
:101E4000089B001B4022824013430AF1010A0893B9
:101E50001AF8011B58488DF838100622FFF750FA7F
:101E6000002800F08280554B002B69D007AA009211
:101E7000534B04985A4608A9AFF300800390039B84
:101E8000013307D00D9B039A13440D939AF8003049
:101E9000002B85D1BBF80C305B060AD40D9821B01D
:101EA000BDE8F08F04985946FFF77AFA00283FF40E
:101EB00069AF4FF0FF30F2E7B9EB0A08EAD00AF158
:101EC000FF35CDF81490A946049D01E0A0453ED908
:101ED0004C465A4619F8011F2846FFF7F7FE023410
:101EE0000130A4EB0A04F1D1D4E7A1F13002092AB0
:101EF00088BFCA469CD80B9B00E00134217803EBD5
:101F0000830302EB4303A1F13002092AF5D92E29FC
:101F10000B93A2468ED19AF801102A292FD1079B44
:101F20009AF802101A6809920433002A0AF1020092
:101F30000793B8BF4FF0FF338246B8BF099379E7E4
:101F4000079B073323F00703083307939AE70D999C
:101F5000DDF81490414499F800300D912FE7494283
:101F600043F002030B91089360E707AA0092144B19
:101F700004985A4608A9FFF7D3FB03907FE7A1F125
:101F800030020023092A09930AF1010A3FF652AFF1
:101F90001AF8011F03EB830302EB4303A1F13002A4
:101FA000092AF5D9099345E7FEF73CFEE0E600BFB4
:101FB00028B3000830B3000834B300080000000064
:101FC000091D000810B4054C8446134620685DF8CE
:101FD000044B0A466146FFF7BFBE00BF0000002069
:101FE000F8B50D461446064610B1036A002B37D0EB
:101FF000A389A269A2601A0719D52369BBB1226817
:102000006169D31AEDB299422F4620DD0133A168F0
:102010000139A160511C2160157062699A420DD08E
:10202000A389DB0701D50A2D08D03846F8BD214623
:102030003046FFF7B5F938B92369E0E72146304665
:10204000FEF76EFF0028F0D04FF0FF37EDE7214696
:102050003046FEF765FF0028F6D122680123D6E757
:10206000FEF7E0FDC4E700BF10B4044C03460A4687
:1020700020685DF8044B1946FFF7B2BF000000204E
:1020800038B5074D0022044608462A6003F07CF864
:10209000431C00D038BD2B68002BFBD0236038BD1B
:1020A000D001002010B50C46B1F90E1000F034FE3E
:1020B000002803DB636D0344636510BDA38923F42B
:1020C0008053A38110BD00BF002070472DE9F0416F
:1020D0000C46B1F90C101F46CB05054616460BD42D
:1020E00021F48051A1813B46B4F90E1032462846B6
:1020F000BDE8F04100F044BFB4F90E100223002205
:1021000000F082FEB4F90C10EAE700BF10B50C46EF
:10211000B1F90E1000F078FEB4F90C30421C0EBF7D
:1021200023F4805343F480536065A38110BD00BF46
:10213000B1F90E1000F028BD51F8043C181F002B17
:10214000BCBF0B58C01870479368002B00F0F88094
:102150002DE9F04FB1F90CC01CF0080F83B0904688
:1021600081460C4631D00B697BB31CF00207D8F8CE
:10217000006038D00027D4F828B0216ADFF8C4A264
:102180003D4655452B463A4628BF53464846C5B1BD
:10219000D847002840F3CA80D8F808301B1A0744F3
:1021A0002D1AC8F80830002B00F0B68055452B4694
:1021B000D4F828B0216A28BF53463A464846002D35
:1021C000E6D1D6E900750836DBE721464846FFF739
:1021D000E7F8002840F0AF80B4F90CC0D8F80060F0
:1021E0001CF00207C6D11CF0010A63D12368A16864
:1021F000574618468B46002F58D01CF4007F00F03D
:10220000B580B9420A4600F2E1801CF4906F2FD0ED
:10221000216962695D1A02EB420202EBD2726B1C09
:1022200052103B44934292BF93469B461A461CF47D
:10223000806F00F0EA8011464846FEF7DDFE002878
:1022400000F0F9802A4621690090FFF70BF9A28976
:10225000009B22F4906242F08002A2815819ABEBFD
:102260000505C4F814B02361A5602060BB463A465A
:1022700051460092FEF79EFFA1682368009AA1EBE9
:102280000B011A443D46A16022600027D8F80830AF
:102290005B1BAA44C8F80830002B3DD02368A16816
:1022A000B4F90CC018468B46002FA6D1D6E900A77A
:1022B00008369EE73846BB463D460097002D41D084
:1022C000002846D0009A2068A168D4E90473AA4285
:1022D00028BF2A46B84204D901EB030A524500F34D
:1022E0008580934275DC216AA76A5A464846B847FA
:1022F000B0F1000A1ADD009BB3EB0A0300930FD084
:102300000120D8F80830A3EB0A03D344A5EB0A0553
:10231000C8F80830002BD1D1002003B0BDE8F08F01
:1023200021464846FEF7FCFD0028EAD0B4F90C30FF
:1023300043F04003A3814FF0FF3003B0BDE8F08FBE
:1023400000207047756833460836002DFAD0D3F860
:1023500000B02A460A215846FEF7D2FF002867D06F
:102360000130A0EB0B0300931A46ACE722699A42B6
:1023700014D36269BA4211D86FF00043BB4228BF40
:102380003B46A56A93FBF2F3216A02FB03F348463E
:102390005246A847051EC9DD7F1B77E7B94228BF13
:1023A00039460D4618460A465146FEF703FFA16816
:1023B0002368491B2B44A16023600029ECD12146EE
:1023C0004846FEF7ADFD0028E6D0AFE7BB463A46EB
:1023D0004EE759460192FEF7EDFE019AA3689B1A5B
:1023E000A360236813442360924684E7594652460B
:1023F000FEF7E0FE23685344236021464846FEF77B
:102400008FFD00283FF477AF90E74846FFF7C4F808
:10241000034600287FF422AF21694846FEF76CFE90
:10242000B4F90C300C22C9F8002023F080037FE7B8
:102430006A1C009247E70C22B4F90C30C9F800205E
:1024400076E700BF00FCFF7F38B54B1C1AD093899C
:10245000144623F020035268A381636BCDB2A3B16D
:10246000A36B934209DD23685A1E226003F8015CC6
:10247000636801336360284638BD214600F0DAFC0A
:102480000028F0D04FF0FF35F5E7236921682BB124
:102490008B4203D211F8013CAB420ED02346C4E973
:1024A0000F1204F1440003226063A26303F8465F45
:1024B0000122C4E90032284638BD01390132C4E99D
:1024C0000012D8E710B50C46496B69B104F144031A
:1024D000994201D0FEF710FE236C63600020606318
:1024E00013B1E36B236010BDA2892369002142F080
:1024F00020026160A2814FF0FF30F3E72DE9F04741
:10250000ADF5247D92F8009001930023CDE9453389
:10251000864BA1930DF10808854BA293CDF81C8141
:10252000B9F1000F14D0834F17F80930924613F019
:10253000080306460C460AF101052ED1B9F1250F14
:1025400045D06368002B08DD23681A784A450FD010
:1025500045980DF5247DBDE8F087A29B21463046C5
:102560009847002840F00B8123681A784A45EFD13C
:10257000013323606368013B6360469B0133AA46D5
:1025800046939AF80090B9F1000FE1D017F809309E
:1025900013F008030AF10105D0D062680DE023684A
:1025A0001A78BA5C110703F101030ED562684699E7
:1025B000013AC4E9003201314691002A21463046F1
:1025C000EDDCA29B98470028E9D0AA46D9E74493BE
:1025D00042939AF801102A2905D1102342939AF8C0
:1025E00002100AF10205A1F13003092B0DD80023D6
:1025F00003EB830301EB4301A1F13003449315F88E
:10260000011FA1F13002092AF2D9DFF82CA103221F
:102610005046FEF775FE38B1429AA0EB0A0001233E
:102620008340134301354293AA461AF8013B782BA5
:1026300000F28480DFE813F0A900820082008200AB
:10264000820082008200820082008200820082007A
:10265000820082008200820082008200820082006A
:10266000820082008200820082008200820082005A
:10267000820082008200820082008200820082004A
:1026800082001101820082008200820082008200AA
:10269000820082008200820082008200820082002A
:1026A000820082008200820082008200820082001A
:1026B000820082008200820082008200820082000A
:1026C0008200C700C700C70082008200820082002B
:1026D00082008200820082008200820082008200EA
:1026E0008200820082008200CA0082008200FC0018
:1026F0008200820082008200820082008200070144
:10270000DE00C700C700C70082000E018200820001
:1027100082008200E000EE00F20082008200F900F8
:102720008200DE0082008200CA0000BF4924000847
:10273000C5240008ADA9000830B30008032348935E
:102740000A2343936368002B4DDD429B580624D532
:10275000489B022B40F38380042B40F38780474B38
:10276000002B3FF40EAF01AB224642A93046AFF337
:10277000008001283FF4ECAE02287FF402AF4598B8
:1027800018B1A3895B067FF5E4AE4FF0FF30E0E6B9
:10279000A29B304698470028F1D122681378FB5C51
:1027A0001907D5D563684699013B481C002B214683
:1027B0004690636002F10102EADD22601378FB5C5F
:1027C0001907C5D5EEE705234893BBE7429A42F4C3
:1027D0000072429210226E2B43921DD8032348931D
:1027E0006368002BB1DCA29B214630469847002845
:1027F000ABD0C4E70A22EEE7429BDA063FF5C1AE52
:10280000019A4699101D0190DB0713684CBF19808F
:102810001960B6E6082343930423E0E7429B43F4A0
:102820000873429310234393F6E70223489389E702
:102830005146404600F09CFA429B43F040034293CD
:1028400082460123CBE7429B43F04003429300239F
:10285000489377E700234393C0E7554671E601AB01
:10286000224642A9304600F00BF882E701AB22462F
:1028700042A9304600F06CF87BE700BF0000000082
:102880002DE9F8430D461446AA68896907462AB916
:10289000002914BF4FF0FF320122AA602A68D00637
:1028A00003D41A68101D18601668DFF8A0804FF076
:1028B000000901B3012937D002293BD123681A78D6
:1028C00018F80220120735D42A68D10609F1010947
:1028D00003D41B7806F8013B23686168AA680139B4
:1028E0000133013AC4E90031AA606AB1002904DD6C
:1028F000A9690029DED12368E6E7D5F880312146B1
:10290000384698470028F3D02B6813F0100305D100
:10291000EA680132EA60AA6902B133702B694B445C
:1029200000202B61BDE8F88323686A691878125C7F
:10293000002AC9D1B9F1000FE6D101290846F1D02A
:102940002B6813F01003E9D1E2E700BFADA900083E
:102950002DE9F04F87B00C46074615468648874A52
:1029600000938B688969864E032908BF1046019041
:1029700096E8070003F1FF3C0DF10C0ABCF5AE7FB1
:102980008AE8070040F2B0806FF4AE7103EB0109F2
:1029900040F25D13A360A0464FF0000B58F81C2BCB
:1029A00042F45062226046462B68DAF8000019783B
:1029B0000222FEF7A5FC50B3BBF1010F0CD0BBF116
:1029C000020F00F0B280A3685A1EA260A3B94FF0B4
:1029D000010B0AF1040AE7E7D4E900321AB9082228
:1029E00043F40073626023F4A0632360A3685A1E5B
:1029F000A260002B00F08A802B685A1C2A601B788A
:102A000006F8013B6B68013B002B6B6073DD0BF13B
:102A1000010BBBF1030FDCD16168002967D0C1F164
:102A20001001584B6069194400F0A2F9A368002B0B
:102A300000F09F804FF0000A06E02B6801332B6006
:102A4000A368013BA36003B3D5F800E062699EF878
:102A500000C012F80C1022683046B9B1BCF1300F3A
:102A600022F4106155D021609EF8003000F8013B3F
:102A700006466B68013B002B294638466B60DCDC60
:102A8000D4F8803198470028DAD02268D1050CD5D7
:102A9000464507D916F8011CD4F87C312A46384639
:102AA000013E9847464562D0226812F0100211D1CB
:102AB00032706368019D38464146A84723689A06EC
:102AC00046D500990B681A1D0A601B681860E368F8
:102AD0000133E3602369A6EB0806564433442361BF
:102AE000002007B0BDE8F08F4FF0000953E70A233C
:102AF0006360062195E7D4F8803129463846984727
:102B0000002884D022684FF0000ABFE74FF0020B84
:102B10005FE71205A7D501330AF1010AB9F1000FE9
:102B2000A7D0A36009F1FF39A3E7236803F4C062CB
:102B3000B2F5007F7FF470AF43F480732360A36825
:102B4000102262605A1EA260002B3FF465AF53E76B
:102B5000009D2A68DF0702F1040103D5296013688C
:102B60001880B4E7009B196013681860AFE7012074
:102B7000B7E79A4689E700BFE1300008E52C000876
:102B8000A0A9000864B3000838B5074D0022044628
:102B900008462A6002F0ECFA431C00D038BD2B68CE
:102BA000002BFBD0236038BDD0010020242B2DE961
:102BB000F84F43D8012B41D0804649481F468E46E6
:102BC00075461EF801BB10F80B4014F00804F7D14D
:102BD000BBF12D0F6FD0BBF12B0F08BF9EF800B0DB
:102BE0006FF0004908BF05F1020E73BBBBF1300F57
:102BF0004BD00A273B460025B9FBF7F6284607FBD2
:102C0000169A05E03AD007FB00C001251EF801BB6B
:102C1000ABF1300CBCF1090F06D9ABF1410CBCF1A2
:102C2000190F19D8ABF1370C63451EDDB5F1FF3F25
:102C3000ECD08642E6D24FF0FF35E7E7FEF7B2F977
:102C4000162303600020BDE8F88F102BD3D1BBF111
:102C5000300F23D01F46CEE7ABF1610CBCF1190F4A
:102C600003D8ABF1570C6345E0DC6B1C2BD054B997
:102C7000002AE8D085BB1160BDE8F88FE245C2DAD2
:102C80004FF0FF35C2E74042F2E79EF8003003F014
:102C9000DF03582B08D008273B46ACE79EF800001E
:102CA00000F0DF005828D5D110279EF801B03B4630
:102CB0000EF1020E9FE79EF800B04FF0004905F1BB
:102CC000020E012491E72223C8F8003032B10EF140
:102CD000FF3148461160CFE78146F8E74846B2E742
:102CE000ADA9000862E700BF10B4044C8446134647
:102CF00020685DF8044B0A46614657E70000002053
:102D000010B4044C8446134620685DF8044B0A4610
:102D100061464BE70000002038B50C46084D84465C
:102D2000114620461A4600232B60644602F002FA40
:102D3000431C00D038BD2B68002BFBD0236038BD6E
:102D4000D001002070B50C46084D034600262046F1
:102D500011461C462E6002F00EFA431C00D070BDD6
:102D60002B68002BFBD0236070BD00BFD00100207A
:102D700070B50C785E2C864624D00023481C9C46F7
:102D8000002263F3070263F30F2263F3174263F336
:102D90001F620EF58071734643F8042B8B42FBD102
:102DA00074B18CF001010EF80410451C15F8013CBB
:102DB0002D2B0ED05D2B0AD01BB11C462846F2E706
:102DC000013870BD01234C78881C9C46D8E7284602
:102DD00070BD90F801C0BCF15D0FEED06445ECDC35
:102DE000661C02300EEB060202F8011BA2EB0E037A
:102DF000013B9C45F8DCACEB0403013B6445A8BFF8
:102E000000230235F418D1E738B50C46084D844646
:102E1000114620461A4600232B60644602F0B2F9A0
:102E2000431C00D038BD2B68002BFBD0236038BD7D
:102E3000D001002001F144032DE9F0410C46496B1B
:102E4000994214D0A66B77003A46FEF7A5FB0546DB
:102E500030B300EB0608014632464046FEF702FB5F
:102E6000C4E90D57C4F800800020BDE8F0814FF49C
:102E70008061FEF7C1F898B194F846304FF4806253
:102E8000C4E90D0280F8FF3394F8453080F8FE3332
:102E900094F8442080F8FD2300F2FD332360E3E73B
:102EA0004FF0FF30E1E700BF70B54C1C2BD00E4651
:102EB0000546144610B1036A002B4CD0B4F90C300F
:102EC00023F020025807A28106D4D9061BD51B0780
:102ED00034D442F00402A281626B6368F6B2AAB1F4
:102EE000A26B9A4209DD23685A1E226003F8016C26
:102EF000636801336360304670BD21462846FFF7A2
:102F000099FF0028EFD04FF0FF36F4E722692168DF
:102F10002AB18A4203D211F8012CB2421ED02246B5
:102F2000C4E90F1304F1440003236063A36302F8B0
:102F3000466F0123C4E90023304670BD2146284670
:102F4000FDF7EEFF0028DED1B4F90C20A06022F0DE
:102F50000802A061BDE7FDF765FEAFE70139013367
:102F6000C4E90013C7E700BF10B4044C03460A4687
:102F700020685DF8044B1946FFF796BF000000205B
:102F800038B50C46084D8446114620461A460023A3
:102F90002B60644602F0DEF8431C00D038BD2B687D
:102FA000002BFBD0236038BDD00100202DE9F04775
:102FB000074649480E46354616F801EB10F80EC094
:102FC0001CF0080CF7D1BEF12D0F5AD0BEF12B0F1B
:102FD00003BF96F800E06446AE1C64464BB9BEF1F0
:102FE000300F5CD00A23DFF8F4804FF0050A9946D1
:102FF0000AE0102B4AD04FF0FF38B8FBF3F803FB80
:1030000008FA6FEA0A0A99460025284605E02CD0FE
:1030100009FB00C0012516F801EBAEF1300CBCF144
:10302000090F06D9AEF1410CBCF1190F0BD8AEF166
:10303000370C634510DDB5F1FF3FECD04045E6D9D4
:103040004FF0FF35E7E7AEF1610CBCF1190F03D883
:10305000AEF1570C6345EEDC6B1C0BD004B1404263
:103060000AB165B91160BDE8F087D445D0DD4FF0F5
:10307000FF35D0E722233B602846002AF3D0711E9B
:10308000F0E796F800E00124AE1CA7E7BEF1300F90
:1030900011D04FF00F0A6FF070489946B4E73378BB
:1030A00003F0DF03582B0BD008234FF0070A6FF013
:1030B00060489946A8E7307800F0DF005828E8D14A
:1030C0004FF0100996F801E04FF00F0A02366FF04A
:1030D00070484B4698E700BFADA900089999991927
:1030E00064E700BF10B4044C8446134620685DF8C2
:1030F000044B0A46614659E70000002010B4044C16
:103100008446134620685DF8044B0A4661464DE745
:103110000000002053B94AB9002908BF00281CBF8D
:103120004FF0FF314FF0FF3000F06AB9ADF1080CFD
:103130006DE904CE00F006F8DDF804E0DDE90223D5
:1031400004B070472DE9F047089D0E4604460F462F
:10315000002B4AD194468C45B2FA82F260D942B132
:10316000C2F12003974020FA03F30CFA02FC1F433C
:1031700094404FEA1C4E1FFA8CF6B7FBFEF1230C6D
:103180000EFB117743EA074301FB06F098420AD988
:103190001CEB030301F1FF3780F01581984240F2E8
:1031A0001281023963441B1AA4B2B3FBFEF00EFB7A
:1031B000103344EA034400FB06F6A6420AD91CEB8E
:1031C000040400F1FF3380F00081A64240F2FD804C
:1031D0006444023840EA0140A41B00211DB1D440E0
:1031E0000023C5E90043BDE8F0878B4205D90DB146
:1031F000C5E9000100210846F5E7B3FA83F100298B
:1032000046D1B34202D3824200F2F580841A66EBC3
:10321000030201201746002DE5D0C5E90047E2E78B
:10322000002A40F09380A1EB0C034FEA1C471FFAE1
:103230008CFE0121B3FBF7F607FB1630230C43EAA3
:1032400000430EFB06F0984208D91CEB030306F17D
:10325000FF3802D2984200F2D08046461B1AA4B230
:10326000B3FBF7F007FB103344EA03440EFB00FE08
:10327000A64508D91CEB040400F1FF3302D2A64591
:1032800000F2B6801846A4EB0E0440EA0640A5E71B
:10329000C1F120078B4022FA07FC4CEA030C06FA26
:1032A00001FE20FA07F426FA07F344EA0E0400FAB6
:1032B00001F84FEA1C404FEA1449B3FBF0FE1FFA35
:1032C0008CF600FB1E3349EA03430EFB06F99945D1
:1032D00002FA01F20BD91CEB03030EF1FF3A80F066
:1032E0008580994540F28280AEF1020E6344A3EBE3
:1032F0000909A4B2B9FBF0F300FB139944EA0944AD
:1033000003FB06F6A64208D91CEB040403F1FF30C8
:1033100068D2A64266D9023B644443EA0E40A41B2D
:10332000A0FB02E6B4427346B14652D34FD05DB122
:10333000B8EB030264EB090404FA07F722FA01F37D
:103340001F43CC40C5E9007400214CE7C2F12001C5
:1033500020FA01F30CFA02FC26FA01F196403343FD
:103360004FEA1C471FFA8CFEB1FBF7F007FB101663
:10337000190C41EA064100FB0EF68E4204FA02F4F3
:1033800008D91CEB010100F1FF382DD28E422BD958
:1033900002386144891B9BB2B1FBF7F607FB16119B
:1033A00043EA014306FB0EF1994208D91CEB0303E3
:1033B00006F1FF3814D2994212D9023E63445B1AD7
:1033C00046EA004136E73946EDE6184602E7F045A1
:1033D000ADD2BEEB020366EB0C060138B146A6E7A0
:1033E0004646ECE7034698E74046D3E7D6467EE7F5
:1033F0006444023847E708460DE7023E63442DE780
:10340000704700BF10B50C4601224FF4005104482C
:1034100002F034FF21460348FEF732FC10BD00BF26
:1034200000040240B0AA000808B50F48FDF708FBE9
:1034300000F0A2FC60B900F09FF960B900F09EFABC
:1034400060B900F085F960B90848FDF7F9FA08BDE0
:1034500000F0F2FDEFE700F0EFFDEFE700F0ECFD2C
:10346000EFE700F0E9FDEFE7CCAA0008E8AA0008C2
:1034700000B583B0084800F089FB05F0EDFF01902E
:103480004FF48051054802F0FFFE4FF47A7101A815
:1034900006F0F4F8F4E700BFFCAA000800040240BC
:1034A00078B138B50D4614460749FDF729FA0128C9
:1034B00001D0012038BD2068A84294BF002001201F
:1034C000F8E70120704700BF0CAB000870B582B070
:1034D00005460E46104601AA012100F0D5FC6A46B9
:1034E00041F28831FFF7DCFFF8B91D4B188800F076
:1034F00057FA38BB00984FF47A7303FB00F0194B6E
:10350000A3FB0030800906F011F9154C2368164A18
:1035100031462846FEF75CFB236803F58073236081
:10352000B3F5805F18D201200AE000240C4B1C6028
:1035300041F288330D4A31462846FEF749FB2046C2
:1035400002B070BD0024064B1C60094A3146284673
:10355000FEF73EFB2046F3E700202060F0E700BFC7
:10356000D4010020D34D62104CAB000810AB000812
:1035700038AB000878B138B50D4614460749FDF759
:10358000BFF9012801D0012038BD2068A84294BFAE
:1035900000200120F8E70120704700BF5CAB000865
:1035A00030B583B004460D46104601AA012100F053
:1035B0006BFC6A4640F6FF71FFF7DCFF68B9BDF8A7
:1035C000000000F0EDF970B9009B0A4A2946204638
:1035D000FEF7FEFA002003B030BD074A2946204618
:1035E000FEF7F6FAF6E7054A29462046FEF7F0FA16
:1035F000F0E700BF94AB000860AB000838AB0008F0
:1036000010B582B00023019330B10C4601AA0949DC
:10361000FDF776F9012802D0012002B010BD019B10
:103620005A1E022A04D8DBB2013B23700020F4E7C3
:103630000120F2E70CAB000830B583B004460D461C
:10364000104601AA012100F01FFC6A4640F6E34142
:10365000FFF726FF68B9BDF8000000F0B7F980B9A0
:10366000009B0B4A29462046FEF7B2FA002003B021
:1036700030BD40F6E343074A29462046FEF7A8FA44
:10368000F4E7054A29462046FEF7A2FAEEE700BF16
:10369000DCAB0008B4AB000838AB000838B5044612
:1036A0000D4600F077F930B9064A29462046FEF764
:1036B0008FFA002038BD044A29462046FEF788FAD2
:1036C000F7E700BF3CAC0008F8AB000870B582B06B
:1036D00005460E46104601AA012100F0D5FB0DF16A
:1036E0000301FFF78DFFB0B9154B1C68772C1DD86F
:1036F000631C134A1360610089B29DF8030000F057
:1037000019F90028F0D123460E4A31462846FEF723
:103710005FFA012012E00A4B08221A6003230A4ACA
:1037200031462846FEF754FA002007E008221A60C6
:10373000064A31462846FEF74BFA002002B070BD1B
:103740005C00002070AC000850AC000888AC000899
:1037500010B50024042C08D8064B53F8240000F0C0
:1037600065FB012803D10134F4E7002010BD0120DE
:10377000FCE700BF84B3000810B5002201218020BF
:1037800005F0FEF91A4C2060012005F00EF8194BE7
:10379000186023683BB340B3174B5B6FB3B1DB6971
:1037A000B3F5807F17D1144B5B6F5B6ABBB91248CE
:1037B00003689A6942F008029A619A6942F010021D
:1037C0009A6101220D4904F09FFD10BD0C4800F0E4
:1037D000DDF90120F9E70B4800F0D8F9E3E70A48E2
:1037E00000F0D4F9E3E70120EFE70120EDE700BFA7
:1037F000DC010020D80100200C110020E001002095
:1038000084AE0008C0AE0008F8AE0008002918BF5A
:10381000002800D1704708B50A46642301460248D3
:1038200004F026FC08BD00BF0C11002038B50029AB
:1038300018BF002826D004460D46144B1B6863B100
:1038400006F0BAF9012808D06421104B186804F07A
:10385000B7FF012807D0032415E029462046FFF7CB
:10386000D5FF00240FE064232A462146084804F0CF
:10387000FFFB044600231A4619460448006804F07A
:10388000BCFE00E00124204638BD00BFD801002066
:103890000C11002060B108B50B460146064A1068BD
:1038A00040B1012205F0A7FA012800D0002008BD90
:1038B000002070470020FAE7DC01002000B583B04B
:1038C0000023019302680E4B1B689A4202D003B09A
:1038D0005DF804FB01AB01220A490B48006805F0C2
:1038E00032FA019B002BF2D04FF0E0234FF08052D0
:1038F000C3F8042DBFF34F8FBFF36F8FE7E700BF0F
:103900000C110020E0010020DC010020012804D07F
:10391000022804D028B90448704704487047044876
:1039200070470020704700BF880D0020340D002034
:10393000E00C002038B505460C46FFF7E7FF28B13C
:103940000F230222214603F0A1FE38BD294602487A
:1039500000F01CF90120F8E754AF0008002918BF57
:10396000B0F5805F03D200220A8207220A8201207A
:1039700070470120704701207047000008B5012200
:103980004FF48061024802F079FC002008BD00BFBE
:103990000014024008B5C0210020FFF7CBFF08BD8E
:1039A00000B587B001A9FFF7D9FF40B901A8FFF71B
:1039B000E0FF40B9FFF7DFFF10B1012000E0012078
:1039C00007B05DF804FB0120FAE7000008B540F6F7
:1039D000E343984201D9012008BD8002034BA3FBB9
:1039E0000030C0F34F10FFF7DBFFF5E79F00EE0953
:1039F000BFF34F8F0549CA6802F4E062044B1343DA
:103A0000CB60BFF34F8F00BFFDE700BF00ED00E0CC
:103A10000400FA05031E04DB18468B4202D3481E3D
:103A2000704700207047000008B50B210248FFF7DF
:103A3000EDFEFFF7DDFF00BFE8B30008002918BF67
:103A4000002816D038B504460D460A4B1B685BB1FA
:103A500006F0B2F8012807D000232A46214605487F
:103A6000006805F0E4F838BDA9B22046FFF7CEFEA5
:103A7000F9E7704770070020002918BF00281BD005
:103A800070B506460D460D4B1B6883B106F094F8E1
:103A900001280CD00024AC420DD264232A1B31191A
:103AA0000648006805F0C3F828B10444F3E7A9B25A
:103AB0003046FFF7ABFE70BD704700BF70070020B7
:103AC000F8B507460D46164632462946384600F0F8
:103AD0000DFA04462846FDF7D3F801462846FFF7BD
:103AE000CBFF002CF0D1F8BD10B50024042C08D871
:103AF000064B53F8240000F099F9012803D1013452
:103B0000F4E7002010BD0120FCE700BFF4B300087B
:103B100008B5024AFEF75CF8002008BD80AF000837
:103B200010B50446054AFEF753F82046FDF7A8F8FD
:103B3000204406F0CBF9002010BD00BFB8AF00084C
:103B400010B50446054AFEF743F82046FDF798F8FD
:103B5000204406F05DF9002010BD00BFD4AF00087E
:103B600070B582B004460D4606F0F8FC064606F035
:103B7000FBFC00903346044A29462046FEF728F80D
:103B8000002002B070BD00BFF0AF00080FB430B528
:103B900083B0194B1B682BB306F00EF8012818D11F
:103BA000002407AB0193154D069A4FF48071284607
:103BB000FCF7AAFB4FF48071FFF72CFF0146284663
:103BC000FFF73CFF012C0FD003B0BDE8304004B03C
:103BD00070470A21084B186804F0F2FD04460128DA
:103BE000DFD0F1E70024DCE700231A46194602483B
:103BF000006804F002FDE7E76C0700206C06002077
:103C000010B582B004468DF8070001210DF10700C0
:103C1000FFF714FF204602B010BD000000B591B0C0
:103C20004FF0FF33402269460548006805F0E3F88D
:103C30000028F5D081B26846FFF7F8FDF0E700BF35
:103C40007007002030B583B05A212648FFF714FFD3
:103C50004FF4806224492548FFF732FF02212448AF
:103C6000FFF70AFF002408E002212248FFF704FFC3
:103C7000ECB902211E48FFF7FFFE4FF0FF310DF1B6
:103C80000700FFF707FE0128F7D19DF807300A2B40
:103C900018BF0D2BE8D07F2B18BF082B11D1002C9B
:103CA000EBD0013C03211448FFF7E6FEE5E713489B
:103CB000002505554FF480620B49FFF701FF2C46A4
:103CC000D7E7A3F12002D2B25E2AD6D87E2CD4D870
:103CD000651C0A4A135501210DF10700FFF7CCFEC0
:103CE0002C46CAE724B000086C02002080B000080F
:103CF00088B000087CB000088CB00008EC010020FF
:103D000008B501F07BFEC0F3DB030C4AA2FB0323E2
:103D10004CF24F32B2EB400F0AD2DB09013B0848AC
:103D2000026893620023536202F0ECFD10B908BDF3
:103D30000023F4E70348FFF729FFF8E7C55A7C0A98
:103D4000F00E002090B0000810B4084B1B685B6AAE
:103D50009BB2074A1088181A06490C6814FA80F0BA
:103D6000086013805DF8044B704700BFF00E002020
:103D7000E8010020E401002010B5002201214FF4E9
:103D8000806004F0FDFE084C2060012004F00DFD71
:103D9000064B186023681BB120B1FFF7A5FE10BDCC
:103DA0000120FCE70120FAE7700700206C070020E3
:103DB000034600E001331A780AB1202AFAD1002123
:103DC000084601E0002101331A7832B1202AF9D0E7
:103DD0000029F8D101300121F5E7704708B50F4BF4
:103DE0001B680F4A1268934207D30C4B1A680C4B9E
:103DF0001B689A420DD2012008BD0A4A52F82330AE
:103E00005B68094AFDF7E4FE044A13680133136056
:103E1000EBE70020014B1860EEE700BF78070020B9
:103E20007C07002080070020F0B100080346D8B1CD
:103E30000268DAB14268DAB18268DAB10F4A126810
:103E400032B9501C0D4908600D490E4841F8220056
:103E50000A4A1268172A0FD8501C084908600849F6
:103E600041F8223001207047002070470020704741
:103E70000020704700207047002070477C0700201A
:103E80008007002058B4000810B4034614460AB155
:103E900000222260002918BF002B25D04FF0000C13
:103EA00060460EE001331A781AB1202AFAD100E0F8
:103EB00001331A78202AFBD02AB10CF1010C61459C
:103EC0000ED08C45EFD35DF8044B7047013210786B
:103ED00008B12028FAD12CB1D21A22601846F0E796
:103EE0001A46F4E71846ECE70020ECE7002918BF73
:103EF00000285AD02DE9F84F174680468946002AF7
:103F000055D02C4BD3F800A0BAF1000F36D00023C7
:103F100089F80030274B1B689B6842463946484663
:103F20009847002844D1234B00221A6040E0013515
:103F3000214B1B68AB4216D9204B53F825B0DBF858
:103F400000603046FCF79CFE04460246414630467F
:103F5000FDF72CFD0028EAD118F80430002B18BF1B
:103F6000202BE4D1DA46BAF1000F09D09AF90C40BF
:103F7000002C0DDA0F4BC3F800A0C8E70025D7E7E7
:103F80000F4B104A39464846FDF722FE00200FE04D
:103F90004046FFF70DFFA042ECD00B4B094A3946D3
:103FA0004846FDF715FE002002E000207047002083
:103FB000BDE8F88F740700207C07002080070020F0
:103FC000F4B10008F0B1000840B2000810B584B0A8
:103FD0000024009401940294039401F079F90123E0
:103FE0008DF800308DF8014001941F228DF80820D3
:103FF00087228DF809208DF80A408DF80B408DF846
:104000000C308DF80D308DF80E408DF80F4068465D
:1040100001F07CF9042001F069F904B010BD000042
:1040200008B50268034B9A4200D008BD01F0DCF8E5
:10403000FBE700BF0000014072B6FEE700B595B097
:104040003422002107A8FCF787FE00230293039384
:10405000049305930693234B1A6C42F080521A6422
:104060001B6C03F080530093009B1F4B1A6842F4B3
:1040700040421A601B6803F440430193019B0123F3
:1040800007934FF48033089302230D934FF480027B
:104090000E9204220F92C82210921193129313933E
:1040A00007A801F05FF9B0B902F004FBA8B90F232B
:1040B000029302230393002304934FF4A053059328
:1040C0004FF480530693062102A801F0DBFB30B9C0
:1040D00015B05DF804FBFFF7AFFFFFF7ADFFFFF78B
:1040E000ABFF00BF003802400070004008B5FFF78A
:1040F0006DFF01F06DF8FFF7A1FF00F025F800F06B
:10410000A5F900F0C5F900F0E7F900F009FA00F0B0
:10411000E5FA00F03DFB00F067FB00F091FB00F0DA
:1041200067FC00F08BFC00F08DFD00F001FE00F05C
:104130001BFE00F035FE00F005FDFFF775F900F0FD
:104140002FF906F0A9F8FEE72DE9F04790B000241A
:104150000B940C940D940E940F947D4B1A6B42F0BB
:1041600010021A631A6B02F010020192019A1A6B84
:1041700042F020021A631A6B02F020020292029AA5
:104180001A6B42F080021A631A6B02F080020392EB
:10419000039A1A6B42F001021A631A6B02F00102D1
:1041A0000492049A1A6B42F004021A631A6B02F02A
:1041B00004020592059A1A6B42F002021A631A6B06
:1041C00002F002020692069A1A6B42F480721A6397
:1041D0001A6B02F480720792079A1A6B42F400720B
:1041E0001A631A6B02F400720892089A1A6B42F072
:1041F00040021A631A6B02F040020992099A1A6B84
:1042000042F008021A631B6B03F008030A930A9B2F
:10421000DFF85CA122461F21504602F02FF8DFF89C
:10422000549122464FF47841484602F027F8494F0E
:1042300022460121384602F021F8474E22464FF42B
:104240003041304602F01AF8DFF82C8122464FF454
:104250007F41404602F012F84FF40C730B930C941C
:104260000D940BA93D4801F007FF07230B930C9415
:104270000D940BA9304601F0FFFE4FF400430B9361
:104280000C940D940BA9364801F0F6FE1F230B93F6
:1042900001250C950D940E940BA9504601F0ECFEEF
:1042A0004FF478430B930C950D940E940BA948464C
:1042B00001F0E2FE0B950C950D940E940BA9384677
:1042C00001F0DAFE02230B930C940D940BA93846EF
:1042D00001F0D2FE4FF47E430B930C940D940BA986
:1042E000204801F0C9FE4FF4F0530B930C940D9449
:1042F0000BA91D4801F0C0FE4FF430430B930C9501
:104300000D940E940BA9304601F0B6FE4FF4804395
:104310000B934FF488130C930D940BA9304601F0C6
:10432000ABFE4FF47F430B930C950D940E940BA9A9
:10433000404601F0A1FE4FF4C0630B930C940D9422
:104340000BA90A4801F098FE10B0BDE8F08700BF45
:1043500000380240001802400004024000080240F9
:104360000020024000100240001C024000000240F9
:104370000024024000140240000C024008B5012055
:1043800005F0C2FFFBE70000034B0360034B0B602B
:104390004FF4807313607047E00B0020E0070020AB
:1043A00010B59CB0244C0DF1540CA646BEE80F008D
:1043B000ACE80F009EE807008CE80700002115A874
:1043C00005F06FFF1D4B18600DF1380C04F11C0E49
:1043D000BEE80F00ACE80F009EE807008CE807007D
:1043E00000210EA805F05DFF154B18600DF11C0CA7
:1043F00004F1380EBEE80F00ACE80F009EE807009D
:104400008CE80700002107A805F04BFF0D4B186052
:10441000EE4604F1540CBCE80F00AEE80F009CE837
:1044200007008EE807000021684605F03AFF064BBA
:1044300018601CB010BD00BF30A900084C0C002053
:10444000480C0020440C0020400C002000B583B034
:104450000E4B1A6B42F400121A631B6B03F4001329
:104460000193019B002205210D2000F013FF0D2078
:1044700000F020FF002205210F2000F00BFF0F208D
:1044800000F018FF03B05DF804FB00BF00380240E5
:1044900008B50F480F4B036005234360002383607A
:1044A0004FF04072C2604FF4402202614FF4A0020C
:1044B00042610376012242768276C27603774377A1
:1044C00002F0C9FD00B908BDFFF7B6FDFBE700BF6C
:1044D000A40C00200064004008B50F480F4B036097
:1044E00005234360002383604FF04072C2604FF4A5
:1044F000402202614FF4A00242610376012242761B
:104500008276C2760377437702F0A5FD00B908BD35
:10451000FFF792FDFBE700BF7C0C00200068004025
:1045200008B50C480C4B03600A23436000238360EA
:10453000C3604FF4E02202614361037643768376E1
:10454000C3760377437702F086FD00B908BDFFF715
:1045500073FDFBE7540C00200034004000B58DB023
:1045600000230793089309930A930B930368544A13
:10457000934208D0534A93422ED0534A93425DD07F
:104580000DB05DF804FB514A136801331360012B31
:1045900017D04F4B1A6B42F001021A631B6B03F0EA
:1045A00001030193019B4FF4C05307930223089327
:1045B00003230A9309230B9307A9464801F05CFDE6
:1045C000DEE7434B1A6C42F000721A641B6C03F076
:1045D00000730093009BDCE73D4B1A6C42F0806255
:1045E0001A641B6C03F080630293029B374A1368C2
:1045F00001331360012B16D0354B1A6B42F00202C7
:104600001A631B6B03F002030493049B602307935C
:104610000223089303230A9309230B9307A92E4827
:1046200001F02AFDACE72A4B1A6C42F000721A64C2
:104630001B6C03F000730393039BDDE7244B1A6CA0
:1046400042F400521A641A6C02F400520592059A60
:104650001A6B42F001021A631B6B03F0010306930D
:10466000069B4FF4014307930223089303230A9305
:104670000B230B9307A9174801F0FEFC002205212C
:10468000682000F007FE682000F014FE00220521DB
:10469000692000F0FFFD692000F00CFE00220521DA
:1046A0006A2000F0F7FD6A2000F004FE00220521D8
:1046B0006B2000F0EFFD6B2000F0FCFD60E700BF19
:1046C000006400400068004000340040500C0020AE
:1046D00000380240000002400004024000B583B0F0
:1046E0000023009301931048104B036003F0DEF8A1
:1046F00080B900220092019269460B4803F0E8F865
:1047000058B910226946084803F0E2F840B903B0EE
:104710005DF804FBFFF790FCEBE7FFF78DFCF0E79B
:10472000FFF78AFCF3E700BFCC0C002000740040C8
:1047300000B589B000230393049305930693079370
:104740000268114B9A4202D009B05DF804FB03F5F0
:10475000E2331A6C42F000521A641A6C02F00052F2
:104760000192019A1A6B42F001021A631B6B03F06B
:1047700001030293029B302303930323049303A9B1
:10478000024801F079FCDFE70074004000000240BD
:1047900008B51248124B0360124B4360002383603C
:1047A0000122C260036143618361C361036202F05D
:1047B00009FF50B90021094803F01EF840B9002153
:1047C000064803F047F830B908BDFFF735FCF1E7BC
:1047D000FFF732FCF3E7FFF72FFCF5E7880D002029
:1047E00000540040FFEAC00008B51248124B0360B5
:1047F000124B4360002383600122C2600361436166
:104800008361C361036202F0DDFE50B900210948F3
:1048100002F0F2FF40B90021064803F01BF830B95E
:1048200008BDFFF709FCF1E7FFF706FCF3E7FFF728
:1048300003FCF5E7340D002000580040FFEAC000FB
:1048400008B51248124B0360124B4360002383608B
:104850000122C260036143618361C361036202F0AC
:10486000B1FE50B90021094802F0C6FF40B900214D
:10487000064802F0EFFF30B908BDFFF7DDFBF1E7B6
:10488000FFF7DAFBF3E7FFF7D7FBF5E7E00C0020D3
:10489000005C0040FFEAC00010B5B0B00446002143
:1048A0002B912C912D912E912F91902207A8FCF7FE
:1048B00053FA2368474A934207D0474A934231D07C
:1048C000464A934259D030B010BD4FF4804307930D
:1048D00007A801F0D1F810BB414C236B43F0020351
:1048E0002363236B03F002030193019B4FF4407396
:1048F0002B9312232C9300232D9303232E93042315
:104900002F932BA9374801F0B7FB236C43F4001316
:104910002364236C03F400130293029BD3E7FFF795
:104920008BFBD9E74FF40043079307A801F0A4F8E5
:1049300000BB2B4C236B43F020032363236B03F05A
:1049400020030393039B03232B9312222C92002218
:104950002D922E9304232F932BA9234801F08CFB37
:10496000236C43F480032364236C03F480030493D7
:10497000049BA8E7FFF760FBDBE74FF48033079366
:1049800007A801F079F810BB154C236B43F08003A6
:104990002363236B03F080030593059B4FF4C073DF
:1049A0002B9312232C9300232D9303232E93042364
:1049B0002F932BA90D4801F05FFB236C43F40003F8
:1049C0002364236C03F400030693069B7BE7FFF745
:1049D00033FBD9E70054004000580040005C004021
:1049E000003802400004024000140240001C024053
:1049F00008B51048104B03604FF4827343600023E6
:104A000083604FF4E062C260036143614FF480222F
:104A100082612822C2610362436283620722C2620A
:104A200003630823436302F088FF00B908BDFFF762
:104A300003FBFBE7400E00200034014008B510489E
:104A4000104B03604FF482734360002383604FF484
:104A5000E062C260036143614FF4802282612822D8
:104A6000C2610362436283620722C2620363082356
:104A7000436302F062FF00B908BDFFF7DDFAFBE710
:104A8000DC0D00200050014000B58BB000230593E1
:104A900006930793089309930368254A934205D028
:104AA000244A934222D00BB05DF804FB224B5A6C8F
:104AB00042F400525A645A6C02F400520192019A74
:104AC0001A6B42F010021A631B6B03F0100302937F
:104AD000029B742305930223069303230893052363
:104AE000099305A9154801F0C7FADCE7124B5A6C87
:104AF00042F480125A645A6C02F480120392039AB0
:104B00001A6B42F020021A631B6B03F0200304931C
:104B1000049B4FF4707305930223069303230893B9
:104B20000523099305A9064801F0A6FABBE700BFD3
:104B300000340140005001400038024000100240A3
:104B40000014024000B585B0002301930293039343
:104B50000E480F4A0260436083604FF6FF72C260E6
:104B6000836102F0A7F850B900230193039301A9D0
:104B7000064802F0D5F928B905B05DF804FBFFF747
:104B80005BFAF1E7FFF758FAF6E700BFF00E0020F6
:104B9000001400400268094B9A4200D0704782B06E
:104BA00003F509331A6C42F020021A641B6C03F0FF
:104BB00020030193019B02B0704700BF0014004026
:104BC0000268094B9A4200D0704782B003F59A33CD
:104BD0005A6C42F002025A645B6C03F002030193C8
:104BE000019B02B0704700BF0004014000B587B0D0
:104BF000002301930293039304930593026803F146
:104C0000804303F582339A4202D007B05DF804FB7B
:104C100003F59A331A6B42F004021A631B6B03F01C
:104C200004030093009B4FF4E0730193022302936B
:104C300004930323059301A9014801F01DFAE4E759
:104C40000008024010B596B00024139414941594F3
:104C50000C940D940E940F941094119412942C2291
:104C6000214601A8FCF778F82F48304B03604460D8
:104C700084604FF6FF73C36004614461846102F095
:104C800049F800283DD1002313931493159313A9D9
:104C9000254802F045F9002836D160230C93002204
:104CA0000D920E920F921092119212920CA91E4820
:104CB00002F098F858BB04220CA91B4802F092F8A5
:104CC00040BB08220CA9184802F08CF828BB00232E
:104CD000019302930393049305934FF400520692B9
:104CE000079308934FF0007209920A930B9301A95E
:104CF0000D4802F065F998B90B48FFF777FF16B039
:104D000010BDFFF799F9BEE7FFF796F9C5E7FFF782
:104D100093F9D0E7FFF790F9D3E7FFF78DF9D6E7DE
:104D2000FFF78AF9E8E700BFA40E00200004014065
:104D300008B50B480B4B03604FF4E133436000238D
:104D40008360C36003610C2242618361C3610362BB
:104D5000436203F053FA00B908BDFFF76DF9FBE7B2
:104D60000C110020004C004008B50B480B4B0360B1
:104D70004FF4E133436000238360C36003610C227E
:104D800042618361C3610362436203F037FA00B991
:104D900008BDFFF751F9FBE78410002000780040C0
:104DA00008B50B480B4B03604FF4E133436000231D
:104DB0008360C36003610C2242618361C36103624B
:104DC000436203F01BFA00B908BDFFF735F9FBE7B2
:104DD000FC0F002000480040F0B5B1B004460021AF
:104DE0002B912C912D912E912F91902207A8FBF7BA
:104DF000B3FF23686B4A934208D06B4A934269D051
:104E00006A4A934200F0938031B0F0BD4FF40073D2
:104E1000079307A800F030FE002852D1644B1A6CAB
:104E200042F400221A641A6C02F400220192019AE0
:104E30001A6B42F080021A631B6B03F0800302932B
:104E4000029B4FF4C0432B9302232C9300252D95F6
:104E500003232E9308232F932BA9564801F00CF916
:104E60005548564B03604FF0006343608560C56052
:104E70004FF480630361456185614FF48073C361C2
:104E80000562456201F086FAF0B94B4B63679C639B
:104E90004B484C4B03604FF00063436040238360FA
:104EA0000023C3604FF48062026143618361C36188
:104EB0000362436201F06EFA48B9414B23679C6379
:104EC000A2E7FFF7B9F8A9E7FFF7B6F8DDE7FFF7C4
:104ED000B3F8F2E74FF48053079307A800F0CCFD36
:104EE00010BB334B1A6C42F080421A641A6C02F009
:104EF00080420392039A1A6B42F010021A631B6BF2
:104F000003F010030493049B4FF4C0732B9302230C
:104F10002C9300232D9303232E9308232F932BA947
:104F2000294801F0A9F86FE7FFF786F8D9E74FF4B1
:104F30008073079307A800F09FFD00282FD11C4B1A
:104F40001A6C42F480221A641A6C02F480220592D0
:104F5000059A1A6B42F002021A631B6B03F00203FC
:104F60000693069B4FF480632B9302272C97002314
:104F70002D9303262E9607252F95144C2BA92046FA
:104F800001F07AF84FF400632B932C9701232D93B3
:104F90002E962F952BA9204601F06EF834E7FFF7E7
:104FA0004BF8CCE7004C004000780040004800403F
:104FB00000380240001C02409C0F0020406002406C
:104FC0003C0F0020706002400010024000040240CC
:104FD000FEE7FEE7FEE7FEE7FEE7704708B502489A
:104FE00001F07AFA08BD00BF9C0F002008B5024806
:104FF00001F072FA08BD00BF3C0F002008B502485E
:1050000001F010FD08BD00BF9411002008B5024852
:1050100002F0D4F808BD00BF540C002008B50248C7
:1050200002F0CCF808BD00BF540C002008B50248BF
:1050300002F0C4F808BD00BF540C002008B50248B7
:1050400002F0BCF808BD00BF540C002000B583B0CE
:105050000D4B1A6C42F080521A641A6C02F08052A6
:105060000092009A5A6C42F480425A645B6C03F4DA
:1050700080430193019B00220F216FF0010000F09B
:1050800009F903B05DF804FB0038024030B589B07F
:1050900004461E4B5A6C42F001025A645B6C03F0EA
:1050A00001030193019B02A903A800F0C7FC00F0D3
:1050B000B5FC4300164AA2FB03239B0C013B154899
:1050C000154A026040F2E732C26043600023036188
:1050D0008360836101F0EEFD054610B1284609B0FA
:1050E00030BD0C4801F052FC05460028F6D11920CD
:1050F00000F0E0F80F2C01D90125EFE7002221464E
:10510000192000F0C7F8054B1C60E7E700380240A3
:1051100083DE1B4394110020000001406800002042
:10512000034AD2F8883043F47003C2F888307047DD
:1051300000ED00E070B50C461646002506E0AFF322
:105140000080214601F8010B01350C46B542F6DB23
:10515000304670BD70B50C461646002504E014F8C4
:10516000010BFEF74DFD0135B542F8DB304670BD51
:105170004FF0FF3070474FF400534B6000207047F2
:10518000012070470020704710B503460C4A0D49B6
:105190000D48006840B10C4800680344521A93421D
:1051A00006D8094A136010BD0748084C0460F2E7AE
:1051B000FBF7F8FE0C2303604FF0FF30F3E700BF6E
:1051C0000000082000040000E011002090D600201C
:1051D00008B5032000F04CF80F20FFF757FFFFF74A
:1051E00035FF002008BD0000034A1168034B1B78FF
:1051F0000B441360704700BFE411002064000020DE
:10520000014B1868704700BFE4110020002804DB40
:105210000901C9B2044B1954704700F00F0009018D
:10522000C9B2024B1954704700E400E014ED00E0ED
:1052300000B500F00700C0F1070CBCF1040F28BF57
:105240004FF0040C031D062B0FD9C31E4FF0FF3E79
:105250000EFA0CF021EA000199400EFA03FE22EA50
:105260000E0241EA02005DF804FB0023EEE70000B5
:105270000649CB6823F4E0631B041B0C000200F416
:10528000E0600343024A1A43CA60704700ED00E041
:105290000000FA0510B50446054BD868C0F302209B
:1052A000FFF7C6FF01462046FFF7B0FF10BD00BF65
:1052B00000ED00E0002807DB00F01F024009012399
:1052C0009340024A42F82030704700BF00E100E0FE
:1052D000BFF35F8F044B5A6A22F480325A62002275
:1052E000C3F89420704700BF00ED00E040F00100DB
:1052F000054BC3F894005A6A42F480325A62BFF3F5
:105300004F8FBFF36F8F704700ED00E04378144A72
:10531000C2F89830D2F8A03023F00103C2F8A030D0
:105320004368C2F89C30017BC37A1B0643EA0173D1
:10533000817A43EAC143417B43EA8143817B43EA6B
:105340004143C17B43EA0143417A43EA0123017AA5
:1053500043EA410301780B43C2F8A030704700BF15
:1053600000ED00E0002800F0068270B582B004462F
:10537000036813F0010F29D0954B9B6803F00C03D1
:10538000042B1AD0924B9B6803F00C03082B0FD010
:105390006368B3F5803F40D0002B54D18C4B1A6822
:1053A00022F480321A601A6822F480221A6039E0EE
:1053B000874B5B6813F4800FEAD0854B1B6813F4AE
:1053C000003F03D06368002B00F0D781236813F0FF
:1053D000020F74D07E4B9B6813F00C0F5ED07C4B99
:1053E0009B6803F00C03082B53D0E368002B00F0FC
:1053F0008980774A136843F001031360FFF700FFC9
:105400000546734B1B6813F0020F72D1FFF7F8FECD
:10541000401B0228F5D90320B4E16D4A136843F418
:105420008033136063682BB3FFF7EAFE0546684BD1
:105430001B6813F4003FC9D1FFF7E2FE401B64284C
:10544000F5D903209EE1B3F5A02F09D0604B1A686F
:1054500022F480321A601A6822F480221A60E1E78E
:105460005B4B1A6842F480221A601A6842F4803258
:105470001A60D7E7FFF7C4FE0546554B1B6813F4C7
:10548000003FA3D0FFF7BCFE401B6428F5D90320E2
:1054900078E14F4B5B6813F4800FA6D14C4B1B682F
:1054A00013F0020F03D0E368012B40F06881484AF3
:1054B000136823F0F803216943EAC10313602368EA
:1054C00013F0080F46D0636983B3414A536F43F02A
:1054D00001035367FFF794FE05463D4B5B6F13F0E6
:1054E000020F37D1FFF78CFE401B0228F5D90320AD
:1054F00048E1374A136823F0F803216943EAC103FE
:105500001360DCE7324A136823F001031360FFF7EE
:1055100077FE05462E4B1B6813F0020FCFD0FFF726
:105520006FFE401B0228F5D903202BE1284A536F58
:1055300023F001035367FFF763FE0546244B5B6FBF
:1055400013F0020F06D0FFF75BFE401B0228F5D9CF
:10555000032017E1236813F0040F7DD01C4B1B6C54
:1055600013F0805F1ED11A4B1A6C42F080521A64FD
:105570001B6C03F080530193019B0125154B1B68A5
:1055800013F4807F10D0A368012B25D0002B3BD1D2
:105590000F4B1A6F22F001021A671A6F22F00402F1
:1055A0001A671EE00025E9E70A4A136843F480738E
:1055B0001360FFF725FE0646064B1B6813F4807F39
:1055C000E1D1FFF71DFE801B6428F5D90320D9E047
:1055D0000038024000700040724A136F43F001032C
:1055E0001367A36833B3FFF70BFE06466D4B1B6FC3
:1055F00013F0020F2FD1FFF703FE801B41F2883317
:105600009842F3D90320BDE0052B09D0654B1A6FF2
:1056100022F001021A671A6F22F004021A67E0E70B
:10562000604B1A6F42F004021A671A6F42F00102CF
:105630001A67D6E7FFF7E4FD06465A4B1B6F13F0D7
:10564000020F08D0FFF7DCFD801B41F2883398423F
:10565000F3D9032096E0FDB9A369002B00F09180F7
:10566000504A926802F00C02082A59D0022B19D035
:105670004C4A136823F080731360FFF7C1FD0446A2
:10568000484B1B6813F0007F48D0FFF7B9FD001BA3
:105690000228F5D9032075E0424A136C23F08053A9
:1056A0001364D9E73F4A136823F080731360FFF750
:1056B000A7FD05463B4B1B6813F0007F06D0FFF7A4
:1056C0009FFD401B0228F5D903205BE0E369226AB5
:1056D0001343626A43EA8213A26A5208013A43EA18
:1056E0000243E26A43EA0263226B43EA02732D4AF1
:1056F0005360136843F080731360FFF781FD044625
:10570000284B1B6813F0007F06D1FFF779FD001BC3
:105710000228F5D9032035E0002033E0002031E0F5
:10572000204A5268012B2FD002F48003E1698B429A
:105730002CD102F03F03216A8B4229D1616A47F6DE
:10574000C0731340B3EB811F24D102F44031A36A2C
:105750005B08013BB1EB034F1ED102F07063E16ABD
:10576000B3EB016F1AD102F0E042236BB2EB037F7F
:1057700016D1002006E001207047012002E0012040
:1057800000E0002002B070BD0120FBE70120F9E736
:105790000120F7E70120F5E70120F3E70120F1E719
:1057A0000120EFE70038024008B5334B9B6803F057
:1057B0000C03042B5BD0082B5BD12F4B5A6802F0F3
:1057C0003F025B6813F4800F2CD02B4B5868C0F35A
:1057D00088104FEA401CBCEB000C6EEB0E0E4FEA3B
:1057E0008E1343EA9C634FEA8C11B1EB0C0163EB1F
:1057F0000E03DB0043EA5173C90011EB000C43F1C7
:105800000003590200234FEA4C2041EADC51FDF726
:1058100081FC194B5B68C3F3014301335B00B0FBB0
:10582000F3F008BD144B5868C0F388104FEA401CD1
:10583000BCEB000C6EEB0E0E4FEA8E1343EA9C633A
:105840004FEA8C11B1EB0C0163EB0E03DB0043EA72
:105850005173C90011EB000C43F1000399020023BE
:105860004FEA8C2041EA9C51FDF754FCD1E70348F4
:10587000D7E70348D5E700BF0038024000127A009E
:105880000024F400002800F0A08070B50D46044606
:10589000524B1B6803F00F038B420BD24F4A136825
:1058A00023F00F030B431360136803F00F038B42C5
:1058B00040F08D80236813F0020F17D013F0040F0F
:1058C00004D0474A936843F4E0539360236813F08D
:1058D000080F04D0424A936843F460439360404AFF
:1058E000936823F0F003A1680B439360236813F0DF
:1058F000010F31D06368012B20D0022B25D0384A0C
:10590000126812F0020F64D035498A6822F003024F
:1059100013438B60FFF774FC0646314B9B6803F022
:105920000C036268B3EB820F16D0FFF769FC801B93
:1059300041F288339842F0D9032045E0284A1268A2
:1059400012F4003FE0D101203EE0254A126812F037
:10595000007FD9D1012037E0204B1B6803F00F03F3
:10596000AB420AD91D4A136823F00F032B4313607F
:10597000136803F00F03AB422DD1236813F0040F1B
:1059800006D0174A936823F4E053E1680B43936011
:10599000236813F0080F07D0114A936823F460437B
:1059A000216943EAC1039360FFF7FEFE0C4B9B683D
:1059B000C3F303130B4AD35CD8400B4B18600B4B5B
:1059C0001868FFF763FB002070BD012070470120BD
:1059D000FAE70120F8E70120F6E700BF003C0240AB
:1059E0000038024074B40008600000206800002005
:1059F000014B1868704700BF6000002008B5FFF732
:105A0000F7FF044B9B68C3F38223034AD35CD8405F
:105A100008BD00BF003802406CB4000808B5FFF7AD
:105A2000E7FF044B9B68C3F34233034AD35CD8407F
:105A300008BD00BF003802406CB400080F230360AB
:105A40000B4B9A6802F0030242609A6802F0F0027F
:105A500082609A6802F4E052C2609B68DB0803F43B
:105A6000E0530361034B1B6803F00F030B607047A7
:105A700000380240003C0240F0B583B0044606689E
:105A800016F001060DD0B54B9A6822F400029A6018
:105A90009A68416B0A439A60436B002B00F0678160
:105AA0000026256815F4002511D0AC4AD2F88C30B8
:105AB00023F44013E16B0B43C2F88C30E36BB3F576
:105AC000801F00F05681002B00F0558100252368CF
:105AD00013F4801F0FD0A14AD2F88C3023F4400376
:105AE000216C0B43C2F88C30236CB3F5800F00F0AF
:105AF000448103B90125236813F0807F00D001267B
:105B000013F0200F40F03B81236813F0100F0CD0EE
:105B1000924BD3F88C2022F08072C3F88C20D3F8FB
:105B20008C20A16B0A43C3F88C20236813F4804FA8
:105B300008D08A4AD2F8903023F44033616E0B4388
:105B4000C2F89030236813F4004F08D0834AD2F88B
:105B5000903023F44023A16E0B43C2F890302368A9
:105B600013F4803F08D07D4AD2F8903023F44013DC
:105B7000E16E0B43C2F89030236813F4003F08D065
:105B8000764AD2F8903023F44003216F0B43C2F8D9
:105B90009030236813F0400F08D0704AD2F890304C
:105BA00023F00303616C0B43C2F89030236813F0B9
:105BB000800F08D0694AD2F8903023F00C03A16C12
:105BC0000B43C2F89030236813F4807F08D0634AF7
:105BD000D2F8903023F03003E16C0B43C2F89030E0
:105BE000236813F4007F08D05C4AD2F8903023F089
:105BF000C003216D0B43C2F89030236813F4806F0B
:105C000008D0564AD2F8903023F44073616D0B43AC
:105C1000C2F89030236813F4006F08D04F4AD2F8CE
:105C2000903023F44063A16D0B43C2F89030236899
:105C300013F4805F08D0494AD2F8903023F44053DF
:105C4000E16D0B43C2F89030236813F4005F08D075
:105C5000424AD2F8903023F44043216E0B43C2F8FD
:105C60009030236813F4800F08D03C4AD2F890306B
:105C700023F08063A16F0B43C2F89030236813F4C4
:105C8000001F0DD0354AD2F8903023F00063E16F49
:105C90000B43C2F89030E36FB3F1006F00F0D58092
:105CA000236813F0080F00D0012513F4802F08D0CB
:105CB0002A4AD2F8903023F04073616F0B43C2F848
:105CC0009030236813F4000F09D0244AD2F89030A2
:105CD00023F08053D4F880100B43C2F8903023682F
:105CE00013F0806F09D01D4AD2F8903023F0005392
:105CF000D4F884100B43C2F89030236813F0006F7F
:105D000009D0164AD2F88C3023F00073D4F88810EA
:105D10000B43C2F88C30236813F0805F09D00F4A20
:105D2000D2F88C3023F08063D4F88C100B43C2F887
:105D30008C3026B9236813F0007F00F00681074AF3
:105D4000136823F080631360FFF75AFA0646034B8B
:105D50001B6813F0006F7AD002E000BF00380240E9
:105D6000FFF74EFA801B6428F1D90320F0E00126EA
:105D700097E60126A7E60125A9E60126B9E67F4BAD
:105D80001A6C42F080521A641B6C03F0805301932A
:105D9000019B7B4A136843F480731360FFF730FA6A
:105DA0000746774B1B6813F4807F06D1FFF728FA6C
:105DB000C01B6428F5D90320CAE0704B1B6F13F495
:105DC000407315D0226B02F440729A4210D06B4B94
:105DD0001A6F22F44072196F41F480311967196FFC
:105DE00021F4803119671A671B6F13F0010F12D16C
:105DF000236B03F44072B2F5407F1DD05F4A936875
:105E000023F4F81393605D490B6F226BC2F30B020E
:105E100013430B6778E6FFF7F3F90746574B1B6F01
:105E200013F0020FE4D1FFF7EBF9C01B41F2883306
:105E30009842F3D903208BE05048826822F4F8128C
:105E4000504919400A438260DDE7012528E72368AD
:105E500013F0010F13D0636B8BB9484AD2F884302A
:105E6000D2F88410606803F4403343EA801301F0F1
:105E700070610B43A16843EA0173C2F88430236860
:105E800013F4002F03D0E26BB2F5801F06D013F499
:105E9000801F1ED0236CB3F5800F1AD1374AD2F879
:105EA0008430D2F88410606803F4403343EA8013EE
:105EB000E06843EA006301F0E0410B43C2F884303C
:105EC000D2F88C3023F01F03616A01390B43C2F80A
:105ED0008C30236813F0807F11D0284AD2F88400D8
:105EE000D2F88410666823691B0443EA861300F025
:105EF0007060034301F0E0410B43C2F88430236833
:105F000013F0007F0DD0626823691B0443EA8213FB
:105F1000E26843EA0263A26843EA0273174AC2F8DE
:105F20008430164A136843F080631360FFF768F902
:105F30000646124B1B6813F0006F06D1FFF760F99D
:105F4000801B6428F5D9032002E0012D02D0002037
:105F500003B0F0BD094A136823F080531360FFF7C4
:105F60004FF90546054B1B6813F0005F0CD0FFF797
:105F700047F9401B6428F5D90320E9E700380240BF
:105F800000700040FFFCFF0F236813F4002F01D0C6
:105F9000E26B22B113F4801F1DD0236CDBB9354AAC
:105FA000D2F88830D2F88810606903F4403343EAAD
:105FB0008013A06943EA006301F0E0410B43C2F89B
:105FC0008830D2F88C3023F4F853A16A013943EABF
:105FD0000123C2F88C30236813F4001F03D0E36F51
:105FE000B3F1006F31D0236813F0080F19D0214AA4
:105FF000D2F88810D2F88830606903F4403343EA5D
:10600000801301F070610B43E16943EA0173C2F848
:106010008830D2F88C3023F44033E16A0B43C2F865
:106020008C30144A136843F080531360FFF7E8F88C
:106030000446104B1B6813F0005F19D1FFF7E0F81E
:10604000001B6428F5D9032082E70A4AD2F88800A9
:10605000D2F888106569236A1B0443EA851300F0AF
:106060007060034301F0E0410B43C2F88830BAE7A7
:1060700000206DE70038024000230F2B00F2F4806F
:1060800070B582B066E085684FEA430E032404FAD7
:106090000EF425EA0405CC6804FA0EF42C4384605F
:1060A000446824EA02044A68C2F300129A40224378
:1060B00042605DE0DC08083450F8242003F0070556
:1060C000AD004FF00F0E0EFA05FE22EA0E0E0A6921
:1060D000AA4042EA0E0240F824205DE0092200E0D6
:1060E000002202FA0EF22A430234604D45F82420C1
:1060F0005F4A94686FEA0C0224EA0C054E6816F4B5
:10610000801F01D04CEA0405594CA560E46802EAFE
:1061100004054E6816F4001F01D04CEA0405544CE7
:10612000E560646802EA04054E6816F4003F01D099
:106130004CEA04054E4C6560246822404D6815F415
:10614000803F01D04CEA0402494C226001330F2BFE
:1061500000F2888001229A400C6804EA020C32EABC
:106160000404F3D14C6804F00304013C012C8AD9E7
:106170004A6802F00302032A09D0C4685D000322C2
:10618000AA4024EA02048A68AA402243C2604A68FC
:1061900002F00302022A8DD004684FEA430E032264
:1061A00002FA0EF224EA02044A6802F0030202FA3A
:1061B0000EF2224302604A6812F4403FC6D02D4AD4
:1061C000546C44F480445464526C02F48042019252
:1061D000019A9C08A51C254A52F8255003F0030E8D
:1061E0004FEA8E0E0F2202FA0EF225EA0205224A2B
:1061F00090423FF475AF02F58062904222D002F5E2
:106200008062904220D002F5806290421ED002F55A
:10621000806290421CD002F5806290421AD002F552
:106220008062904218D002F58062904216D002F54A
:106230008062904214D002F5806290423FF44EAFEB
:106240000A224EE701224CE702224AE7032248E7EE
:10625000042246E7052244E7062242E7072240E7F8
:1062600008223EE702B070BD704700BF0038014011
:10627000003C014000380240000002400AB1816148
:106280007047090481617047436901EA030221EA0A
:10629000030141EA02418161704730B405682C680E
:1062A00024F480242C60046863608368402B05D04C
:1062B000036899600368DA6030BC704703689A60CD
:1062C0000368D960F8E7000010B40368D9B2103948
:1062D0000A4AA2FB01421209094CA25CC2655F296D
:1062E00007D96FF3090304338365806D5DF8044BB0
:1062F00070476FF309038365F7E700BFABAAAAAA4B
:1063000084B40008836A826992B9012B0AD0022BF7
:1063100002D00BB100207047C36A13F0807F28D1F0
:1063200000207047C36AB3F1C07F24D000207047BB
:10633000B2F5005F09D0022B25D9032B25D1C36A02
:1063400013F0807F23D100207047032B03D8DFE8B0
:1063500003F01404140A00207047C36A13F0807F0E
:106360000DD100207047C36AB3F1C07F09D000206F
:1063700070470120704701207047012070470120BD
:1063800070470120704701207047002070470120AE
:106390007047000070B50446FEF732FF002C5CD059
:1063A0000546022384F83530002384F8343022680F
:1063B000136823F00103136023681A6812F0010FB9
:1063C0000AD0FEF71DFF431B052BF5D9202363657B
:1063D000032084F8350070BD1A68214911406268B5
:1063E000A0680243E06802432069024360690243F7
:1063F000A0690243E0690243206A02430A43616ADA
:1064000004291ED01A602668756925F00705636A9D
:106410001D43042B07D1A36A1D43E36A1BB1204629
:10642000FFF770FF90B975612046FFF74DFFE26DF1
:106430003F239340836000206065012384F835305A
:10644000C9E7E16A206B01430A43DBE74023636548
:10645000002384F835300120BDE70120BBE700BFF1
:106460003F8010E038B50446856D90F8340001286F
:1064700030D0012084F8340094F83500C0B20128EF
:1064800004D0002384F83430022038BD022084F880
:106490003500002060652046FFF7FFFEE26D3F23D8
:1064A0009340AB602268136843F0160313602268C0
:1064B000536943F080035361236C23B1226813684E
:1064C00043F0080313602268136843F0010313606C
:1064D0000020DAE70220D8E7F0B583B004460023B5
:1064E0000193724B1D68724BA3FB0535AD0A876D96
:1064F0003E68C26D08239340334210D003681A6887
:1065000012F0040F0BD01A6822F004021A60C26D58
:1065100008239340BB60436D43F001034365E26D84
:1065200001239340334209D02268526912F0800F50
:1065300004D0BB60636D43F002036365E26D042326
:106540009340334209D02268126812F0020F04D03F
:10655000BB60636D43F004036365E26D10239340F9
:10656000334224D02268126812F0080F1FD0BB609B
:1065700023681A6812F4802F0DD01B6813F4002FC3
:1065800004D1236C9BB12046984710E0A36C73B1F3
:10659000204698470BE01A6812F4807F03D11A68EE
:1065A00022F008021A60236C0BB120469847E26D76
:1065B00020239340334255D02268126812F0100F06
:1065C00050D0BB6094F83530DBB2052B0ED0236879
:1065D0001A6812F4802F33D01B6813F4002F2AD1CD
:1065E000636C002B3ED0204698473BE0226813683E
:1065F00023F0160313602268536923F0800353616C
:10660000236CA3B12268136823F008031360E26DC2
:106610003F239340BB60012384F83530002384F886
:106620003430236D002B3FD0204698473CE0A36CCC
:10663000002BE7D1EBE7E36BA3B12046984711E0CD
:106640001A6812F4807F09D11A6822F010021A60C9
:10665000012384F83530002384F83430E36B0BB128
:1066600020469847636DFBB1636D13F0010F17D09F
:10667000052384F835302268136823F00103136082
:10668000019B01330193AB4204D823681B6813F0CC
:10669000010FF5D1012384F83530002384F834301C
:1066A000E36C0BB12046984703B0F0BD60000020BA
:1066B000B5814E1B10B582B01B4B1A6C42F0805254
:1066C0001A641B6C03F080530193019B174A1368F3
:1066D00043F480331360FEF793FD0446134B5B686D
:1066E00013F4803F08D1FEF78BFD001BB0F57A7FD5
:1066F000F4D9032002B010BD0C4A136843F40033F0
:106700001360FEF77DFD0446084B5B6813F4003F01
:1067100007D1FEF775FD001BB0F57A7FF4D9032091
:10672000E8E70020E6E700BF0038024000700040C4
:1067300070B4046A036A23F0010303624268856946
:10674000124B2B400D681D4324F002048B68234339
:106750000F4C104EB04218BFA0420CBF01240024C1
:1067600005D123F00803CE681E4326F004032CB1A4
:1067700022F440724C6914438A6922434260856165
:106780004A684263036270BC704700BF8CFFFEFF23
:10679000000001400004014070B4036A026A22F460
:1067A000807202624268C569144C2C400E68264310
:1067B00023F400738C6843EA0423114C114DA84262
:1067C00018BFA0420CBF0124002406D123F40063AB
:1067D000CD6843EA052323F480633CB122F44052A0
:1067E0004C6942EA04128C6942EA04124260C661B2
:1067F0004A68C263036270BC704700BF8CFFFEFF33
:10680000000001400004014070B4036A026A22F4EF
:10681000805202624468C5690D4A2A400D6842EA06
:10682000052223F400538D6843EA0533094E0A4DCF
:10683000A84218BFB04204D124F480444D6944EA10
:1068400085144460C2614A680264036270BC704788
:10685000FF8CFFFE000001400004014070B4036A99
:10686000026A22F4803202624468426D0D4D154086
:106870000A682A4323F400338D6843EA05430A4E2D
:106880000A4DA84218BFB04204D124F480344D69A7
:1068900044EA0524446042654A688265036270BC2C
:1068A000704700BF8FFFFEFF000001400004014061
:1068B00070B4036A026A22F4801202624468456D71
:1068C0000D4A2A400D6842EA052223F400138D6820
:1068D00043EA0553094E0A4DA84218BFB04204D1FD
:1068E00024F480244D6944EA8524446042654A6862
:1068F000C265036270BC7047FF8FFFFE000001405D
:106900000004014090F83D30DBB2012B35D1022369
:1069100080F83D3003681B4AB3F1804F18BF9342A3
:106920001DD0A2F57C42934219D002F580629342B9
:1069300015D002F58062934211D002F5784293425D
:106940000DD002F57052934209D0A2F594329342D1
:1069500005D01A6842F001021A6000207047996859
:10696000094A0A40062A18BFB2F5803F07D01A68C4
:1069700042F001021A600020704701207047002099
:10698000704700BF000001400700010090F83D3053
:10699000DBB2012B3AD1022380F83D300268D36884
:1069A00043F00103D36003681A4AB3F1804F18BF64
:1069B00093421DD0A2F57C42934219D002F5806229
:1069C000934215D002F58062934211D002F57842CD
:1069D00093420DD002F57052934209D0A2F5943241
:1069E000934205D01A6842F001021A6000207047F5
:1069F0009968094A0A40062A18BFB2F5803F07D0B5
:106A00001A6842F001021A600020704701207047A6
:106A100000207047000001400700010070477047E8
:106A20007047704770B504460368DE681D6915F04D
:106A3000020F10D016F0020F0DD06FF002021A6193
:106A40000123037703689B6913F0030F64D0FFF7FA
:106A5000E6FF0023237715F0040F12D016F0040F81
:106A60000FD023686FF004021A6102232377236892
:106A70009B6913F4407F55D02046FFF7D0FF0023D9
:106A8000237715F0080F12D016F0080F0FD02368E7
:106A90006FF008021A61042323772368DB6913F07F
:106AA000030F46D02046FFF7BAFF0023237715F0E7
:106AB000100F12D016F0100F0FD023686FF01002D5
:106AC0001A61082323772368DB6913F4407F37D0EA
:106AD0002046FFF7A4FF0023237715F0010F02D013
:106AE00016F0010F33D115F4025F02D016F0800FBB
:106AF00035D115F4807F02D016F0800F37D115F014
:106B0000400F02D016F0400F39D115F0200F02D0FF
:106B100016F0200F3BD170BDFFF780FF2046FFF736
:106B20007FFF96E72046FFF779FF2046FFF778FFC3
:106B3000A5E72046FFF772FF2046FFF771FFB4E795
:106B40002046FFF76BFF2046FFF76AFFC3E7236885
:106B50006FF001021A612046FDF762FAC3E723686D
:106B60006FF402521A61204600F073FAC1E72368FD
:106B70006FF480721A61204600F06CFABFE7236858
:106B80006FF040021A612046FFF74BFFBDE7236814
:106B90006FF020021A61204600F05AFABBE70000AD
:106BA00070B403683C4A904214BF00220122B0F145
:106BB000804F14BF144642F00104ACB9374DA842CF
:106BC00014BF00250125364EB0420DD065B905F140
:106BD000804505F58235A84214BF0025012506F53C
:106BE0000066B04200D01DB123F070034D682B4306
:106BF000002C33D1294CA04214BF00240124284D7D
:106C0000A8422BD054BB04F1804404F58234A04246
:106C100014BF0024012405F50065A8421ED0ECB97C
:106C2000204CA04214BF0024012405F59A35A84247
:106C300014D09CB91C4CA04214BF0024012405F5BB
:106C40000065A8420AD04CB9184CA04214BF0024D9
:106C50000124A5F59635A84200D01CB123F4407359
:106C6000CC68234323F080034C6923438C68C462BF
:106C70000C6884620E4CA04208BF42F001020AB1C7
:106C80000A690263026842F0040202600122426162
:106C9000036070BC704700BF000001400008004066
:106CA0000004004000440140001800400020004063
:106CB0000004014060B310B5044690F83D3013B3B2
:106CC000022384F83D30214651F8040BFFF768FF9A
:106CD000012384F8483084F83E3084F83F3084F84B
:106CE000403084F8413084F8423084F8433084F8EE
:106CF000443084F8453084F8463084F8473084F8CE
:106D00003D30002010BD80F83C30FDF743FFD7E751
:106D10000120704760B310B5044690F83D3013B3BE
:106D2000022384F83D30214651F8040BFFF738FF69
:106D3000012384F8483084F83E3084F83F3084F8EA
:106D4000403084F8413084F8423084F8433084F88D
:106D5000443084F8453084F8463084F8473084F86D
:106D60003D30002010BD80F83C30FDF729FFD7E70B
:106D70000120704770B4036A026A22F010020262B6
:106D800042688569144C2C400D6844EA052523F0BF
:106D900020038C6843EA0413104C114EB04218BF14
:106DA000A0420CBF0124002406D123F08003CE684A
:106DB00043EA061323F040033CB122F440624C69DD
:106DC00042EA84028C6942EA8402426085614A6830
:106DD0008263036270BC7047FF8CFFFE00000140BD
:106DE0000004014038B590F83C30012B00F095804C
:106DF00004460D46012380F83C30142A00F28880B6
:106E0000DFE802F00B8686861F86868634868686B5
:106E1000488686865D86868671000068FFF788FC56
:106E20002268936943F0080393612268936923F011
:106E3000040393612268936929690B4393610020DD
:106E400067E00068FFF796FF2268936943F40063E8
:106E500093612268936923F4806393612268936944
:106E6000296943EA01239361002052E00068FFF79B
:106E700093FC2268D36943F00803D3612268D36985
:106E800023F00403D3612268D36929690B43D361DA
:106E900000203EE00068FFF7B7FC2268D36943F4A6
:106EA0000063D3612268D36923F48063D3612268CD
:106EB000D369296943EA0123D361002029E00068EE
:106EC000FFF7CCFC2268536D43F00803536522683A
:106ED000536D23F0040353652268536D29690B43F6
:106EE0005365002015E00068FFF7E2FC2268536D4F
:106EF00043F4006353652268536D23F48063536544
:106F00002268536D296943EA01235365002000E09C
:106F10000120002384F83C3038BD0220FCE700004B
:106F200090F83C20012A45D070B40346012280F835
:106F30003C20022280F83D200268506894681E4E72
:106F40001E4DAA4218BFB24203D120F470004D6812
:106F5000284320F070000D68284350601A681648D6
:106F6000B2F1804F18BF824217D0A0F57C40824218
:106F700013D000F5806082420FD000F5806082421D
:106F80000BD000F57840824207D000F57050824265
:106F900003D0A0F59430824204D124F080048968A3
:106FA00021439160012283F83D20002083F83C00BA
:106FB00070BC70470220704700000140000401408F
:106FC00090F83C30012B3CD030B40246012380F8CD
:106FD0003C30CB6823F440738868034323F4806318
:106FE0004868034323F400630868034323F4805391
:106FF0000869034323F400534869034323F480439F
:10700000886A034323F47023886943EA00431068C5
:107010000D4D0E4CA04218BFA8420CD123F47003B2
:107020004C6A43EA045323F08073CC69234323F072
:107030000073096A0B434364002082F83C0030BCB3
:1070400070470220704700BF00000140000401406B
:10705000704770477047002800F0A18038B504469B
:1070600090F82030D3B12268136843F00103136015
:10707000FEF7C6F8054623685A6812F0010F10D1D2
:10708000FEF7BEF8401B0A28F5D9636A43F40033C3
:107090006362052384F82030012038BDFDF75EFAD5
:1070A000E1E71A6822F002021A60FEF7A9F8054625
:1070B00023685A6812F0020F0DD0FEF7A1F8401BAA
:1070C0000A28F5D9636A43F400336362052384F820
:1070D00020300120E1E7227E012A3DD01A6822F00B
:1070E00080021A60637E012B3BD02268136823F074
:1070F00040031360A37E012B39D02268136823F06C
:1071000020031360E37E012B37D02268136843F01D
:1071100010031360237F012B35D02268136823F0FE
:1071200008031360637F012B33D02268136823F0B8
:1071300004031360A368E26813432269134362697E
:1071400013436268013A21681343CB6100206062F7
:10715000012384F82030A0E71A6842F080021A6008
:10716000C0E72268136843F040031360C2E7226857
:10717000136843F020031360C4E72268136823F008
:1071800010031360C6E72268136843F00803136016
:10719000C8E72268136843F004031360CAE70120BC
:1071A0007047704770477047704770477047704727
:1071B0007047704770477047704770472DE9F84F28
:1071C000054603685C69D3F804809F68D3F80CA077
:1071D000D3F81090D3F818B014F001063BD017F094
:1071E000010616D001229A6017F0020F08D117F09D
:1071F000040F0CD117F0080606D04FF4805608E0B3
:10720000FFF7CFFF002604E0FFF7CEFF01E04FF4C9
:10721000006617F4807F0DD02B684FF480729A605F
:1072200017F4007F40F0968017F4806F00F096808E
:1072300046F4005617F4803F0DD02B684FF480328F
:107240009A6017F4003F40F0938017F4802F00F00D
:10725000938046F4004614F0080F07D01AF0100F80
:1072600004D046F400762B681022DA6014F0040F84
:1072700003D01AF0080F40F0898014F0020F05D0F7
:107280002B68DB6813F0030F40F0878014F0400F89
:1072900007D019F0100F04D046F480662B68102236
:1072A0001A6114F0200F02D019F0080F79D114F0F0
:1072B000100F04D02B681B6913F0030F78D114F45E
:1072C000003F02D018F0100F76D114F4803F02D0A6
:1072D00018F0080F77D114F4004F37D018F0040FCE
:1072E00031D014F4807F04D01BF0010F01D046F0A0
:1072F000010614F4007F04D01BF0020F01D046F009
:10730000020614F4806F04D01BF0040F01D046F085
:10731000040614F4006F16D01BF0700B13D0BBF1F1
:10732000400F66D056D8BBF1200F5CD0BBF1300FB8
:107330005CD0BBF1100F01D146F008062A689369B2
:1073400023F0700393612B6804225A60002E56D1FB
:10735000BDE8F88F2846FFF725FF6BE717F4006FAD
:1073600002D046F4804665E72846FFF71EFF61E736
:107370002846FFF718FF6EE717F4002F02D046F4F7
:10738000803668E72846FFF711FF64E72B6808227C
:10739000DA602846FFF70CFF6FE72846FFF707FF84
:1073A00074E72B6808221A612846FFF703FF7EE77F
:1073B0002846FFF7FEFE82E72B6810225A60284617
:1073C000FFF7F9FE81E72B6808225A602846FFF78D
:1073D000F3FE80E7BBF1500F0ED0BBF1600FADD1D3
:1073E00046F48076AAE746F01006A7E746F02006A6
:1073F000A4E746F04006A1E746F080069EE76B6AE8
:1074000033436B622846FFF7D8FEA1E703689A6909
:1074100012F0020F01D000229A6203689A6912F0FA
:10742000010F03D19A6942F001029A6170472DE978
:10743000F041044603689E6916F010067ED00D46A2
:1074400090461022DA61002637462368986910F0CA
:10745000200F32D18FBBB5F1FF3FF6D0FDF7D0FE44
:10746000A0EB0800A84201D8002DEED121684A689F
:1074700002F4804294F84230DBB2886910F4004F85
:1074800004D0203B18BF012302B973B923689B695C
:1074900013F0200FD9D1FDF7B3FEA0EB0800192897
:1074A000F4D946F020060127CFE74B6843F4804328
:1074B0004B60FDF7A5FE8046E8E70FB92022DA61B0
:1074C00046F0040601252268936913F4807F05D0F5
:1074D00046F001064FF48071D161012513F4806FED
:1074E00006D046F0080622684FF48061D16101257C
:1074F00013F4007F24D046F0020623684FF4007294
:10750000DA6101252046FFF781FF2268536823F0E6
:10751000FF7323F48B3323F4FF7323F001035360D1
:10752000636C33436364202384F84130002384F880
:10753000423084F840302846BDE8F0810025C2E79B
:10754000002DF8D0DEE72DE9F843054688461746BA
:107550001E46DDF820902B689C6938EA04040CBFB5
:1075600001230023BB4227D14A4631462846FFF774
:107570005EFF20BBB6F1FF3FEDD0FDF741FEA0EB73
:107580000900B04201D8002EE5D12B689B6938EA8A
:1075900003030CBF01230023BB42DCD16B6C43F01F
:1075A00020036B64202385F84130002385F84230A6
:1075B00085F84030012000E00020BDE8F88301207C
:1075C000FBE7000000285DD010B5044690F841307C
:1075D000002B46D0242384F841302268136823F01E
:1075E000010313606368226823F0706313612268EB
:1075F000936823F400439360E368012B36D0A368BB
:10760000226843F404439360E368022B34D0226879
:10761000536823F400635360226851681A4B0B438C
:1076200053602268D36823F40043D36023696269FE
:107630001343A169226843EA0123D360E369216A05
:1076400022680B4313602268136843F00103136040
:1076500000206064202384F84130206384F84200D5
:1076600010BD80F84030FDF717F9B3E7A368226832
:1076700043F400439360C7E72268536843F4006310
:107680005360C9E701207047008000022DE9F047F0
:1076900084B01D460023039390F84130DBB2202BC9
:1076A00040F09F8006468946904603689B6913F424
:1076B000004F40F0988090F84030012B00F095800A
:1076C000012380F84030242380F8413000234364B4
:1076D0009A46F368012B10D0C9F30902444B1343B7
:1076E00032685360FDF78CFD074632689369C3F337
:1076F000401C9369C3F300130BE0C9F309023D4B2F
:107700001343EDE733689C69C4F3401C9B69C3F3E2
:1077100000135CEA030C17D1B5F1FF3FF2D0FDF77F
:107720006FFDC01BA84201D8002DEBD1202386F8A5
:107730004130736C43F020037364002386F84030BB
:10774000012004B0BDE8F08733689A6912F0100F89
:1077500033D100972B46002220213046FFF7F3FE5D
:1077600010B3736C042B19D04FF0010A039B013343
:107770000393039B434502D2BAF1000F2ED1039B22
:107780004345A6D3202386F84130736C43F0200391
:107790007364002386F840300120D2E7336820224A
:1077A000DA6100237364E1E732682023D36186F84D
:1077B0004130002386F84030C3E71022DA61009799
:1077C0002B46002220213046FFF7BDFE18B9336852
:1077D0002022DA61CAE74FF0010AC7E74FF0000A3A
:1077E000CDE70220ADE70220ABE70220A9E700BF0A
:1077F0000028000200200002034690F84120D2B287
:10780000202A23D190F84020012A21D0012280F89B
:107810004020242280F841200068026822F0010202
:1078200002601868026822F48052026018680268D8
:107830001143016019680A6842F001020A602022BF
:1078400083F84120002083F84000704702207047F1
:1078500002207047034690F84120D2B2202A21D15D
:1078600090F84020012A1FD0012280F840202422D5
:1078700080F841200068026822F001020260186866
:10788000026822F4706242EA0122026019680A6802
:1078900042F001020A60202283F84120002083F890
:1078A00040007047022070470220704770B110B549
:1078B0000446037933B102232371002020610123A0
:1078C000237110BD4371FCF733FFF4E701207047CB
:1078D000002918BF00282CD030B584468E46437945
:1078E000012B28D001208CF8050002238CF80430ED
:1078F000DCF80040216802F0100240F6FE7393406D
:1079000021EA0301DEF80030DEF804502B439340F7
:107910000B432360DCF800402368C02101FA02F227
:1079200023EA020323608CF8040000208CF8050091
:1079300030BD012070470220FAE700286FD010B553
:107940000446436A33B94368B3F5827F05D0002308
:10795000C36102E00023036143610023A36294F842
:107960005D30002B52D0022384F85D30226813680A
:1079700023F040031360E368B3F5E06F4CD90022B5
:10798000B3F5706F18BFB3F5E06F01D00023A362A9
:10799000636803F48273A16801F404410B43216915
:1079A00001F002010B43616901F001010B43A16980
:1079B00001F400710B43E16901F038010B43216AC6
:1079C00001F080010B43A16A01F4005120680B43D0
:1079D0000360638B03F00403616A01F010010B4341
:1079E000616B01F008010B43E16801F470610B4326
:1079F000216813434B602268D36923F40063D36189
:107A000000202066012384F85D3010BD84F85C30CE
:107A10002046FDF739F8A6E74FF48052B0E7012081
:107A20007047026852E8003F23F0C00342E800318B
:107A30000029F6D12023C3677047026852E8003F4F
:107A400023F4907342E800310029F6D1026802F174
:107A5000080353E8003F23F00103083242E80031F5
:107A60000029F3D1036E012B06D02023C0F880300B
:107A70000023036683667047026852E8003F23F0E4
:107A8000100342E800310029F6D1EEE77047704755
:107A900038B5846BE26FD4F8805023689B6813F08C
:107AA000800F01D0212A10D023689B6813F0400F6B
:107AB00001D0222D10D0D4F8843043F01003C4F844
:107AC00084302046FFF7E3FF38BD0023A4F852308E
:107AD0002046FFF7A6FFE7E70023A4F85A30204628
:107AE000FFF7ABFFE7E7704708B50346806B01225D
:107AF0004266026E012A13D1B0F858104A08A0F865
:107B00005A201B685B689BB2994201D3A0F85A3097
:107B1000B0F85A309BB2C91A89B2FFF7E4FF08BD2A
:107B2000FFF7B4FFFBE708B58446806BDCF81C3038
:107B3000B3F5807F29D00023A0F85A30026852E8BC
:107B4000003F23F4807342E800310029F6D1026837
:107B500002F1080353E8003F23F00103083242E832
:107B600000310029F3D1026802F1080353E8003F15
:107B700023F04003083242E800310029F3D12023EA
:107B8000C0F88030036E012B19D000234366036ECA
:107B9000012B1ED10023A0F85A30DCF800305B68BE
:107BA0009BB2B0F85810994201D9A0F85A30B0F8F9
:107BB0005A309BB2C91A89B2FFF795FF08BD026817
:107BC00052E8003F23F0100342E800310029F6D1CB
:107BD000DBE7FBF773FEF1E710B504468368026943
:107BE000134342691343C269134301680868914A09
:107BF00002401A430A602268536823F44053E16844
:107C00000B435360A269236A1A4321688B6823F4EB
:107C1000306313438B602368874A934218D0874AA6
:107C200093423AD0864A93424FD0864A93425ED0DE
:107C3000854A93426DD0854A93427FD0844A9342CD
:107C400000F09180834A934200F0A28010230BE061
:107C5000814BD3F8903003F00303032B1BD8DFE8EC
:107C600003F00216AB180123E069B0F5004F00F0F5
:107C7000D780082B00F23881DFE813F014012701C8
:107C8000120136012A013601360136012D01042385
:107C9000EAE70823E8E71023E6E76F4BD3F89030D4
:107CA00003F00C030C2B0ED8DFE803F0070D0D0DCD
:107CB000090D0D0D880D0D0D0B000023D4E70423D5
:107CC000D2E70823D0E71023CEE7634BD3F89030F8
:107CD00003F03003202B73D005D8002B72D0102B6B
:107CE00072D10423C0E7302B70D10823BCE75A4B74
:107CF000D3F8903003F0C003802B69D005D8002B57
:107D000068D0402B68D10423AEE7C02B66D108238E
:107D1000AAE7514BD3F8903003F44073B3F5007FDA
:107D20005ED006D8002B5DD0B3F5807F5CD10423F4
:107D30009AE7B3F5407F59D1082395E7464BD3F82E
:107D4000903003F44063B3F5006F51D006D8002B98
:107D500050D0B3F5806F4FD1042385E7B3F5406F62
:107D60004CD1082380E73C4BD3F8903003F44053C8
:107D7000B3F5005F44D006D8002B43D0B3F5805F45
:107D800042D1042370E7B3F5405F3FD108236BE78E
:107D9000314BD3F8903003F44043B3F5004F37D064
:107DA00005D8BBB3B3F5804F36D104235CE7B3F5F8
:107DB000404F33D1082357E7022355E7022353E707
:107DC000022351E700234FE710234DE710234BE731
:107DD000022349E7002347E7102345E7102343E741
:107DE000022341E700233FE710233DE710233BE751
:107DF000022339E7012337E7102335E7102333E760
:107E0000022331E700232FE710232DE710232BE770
:107E1000022329E7002327E7102325E7102323E780
:107E2000082B5BD8DFE803F01A343A5A375A5A5A0B
:107E30001E0000BFF369FFEF001001400044004046
:107E400000480040004C0040005000400014014039
:107E500000780040007C004000380240FDF7CEFD75
:107E600000283DD06268530803EB4003B3FBF2F3F4
:107E7000A3F110014FF6EF72914233D89AB222F07B
:107E80000F02C3F3420313432268D360002030E0A3
:107E9000FDF7C4FDE4E7FDF787FCE1E71748E1E7FC
:107EA000164802E0FDF7AAFD00B3636800EB53003B
:107EB000B0FBF3F0A0F110024FF6EF739A4217D81F
:107EC000236880B2D860002013E0FDF7A7FDEBE740
:107ED000FDF76AFCE8E74FF40040E6E7012008E020
:107EE000002006E0012004E0012002E0002000E084
:107EF00001200023A366E36610BD00BF0024F40048
:107F0000436A13F0080F06D00268536823F4004355
:107F1000416B0B435360436A13F0010F06D00268B4
:107F2000536823F40033816A0B435360436A13F0B0
:107F3000020F06D00268536823F48033C16A0B43F2
:107F40005360436A13F0040F06D00268536823F4A9
:107F50008023016B0B435360436A13F0100F06D06C
:107F60000268936823F48053816B0B439360436AE8
:107F700013F0200F06D00268936823F40053C16BFE
:107F80000B439360436A13F0400F0AD002685368B2
:107F900023F48013016C0B435360036CB3F5801F13
:107FA0000BD0436A13F0800F06D00268536823F4A5
:107FB0000023816C0B43536070470268536823F4BD
:107FC000C003416C0B435360EBE72DE9F8430546D2
:107FD0000E4617469946DDF820802B68DC6936EAA4
:107FE00004040CBF01240024BC423AD1B8F1FF3F85
:107FF000F3D0FDF705F9A0EB0900404534D8B8F1FE
:10800000000F33D02B681A6812F0040FE5D0B6F1D8
:10801000400218BF0122802EDFD0002ADDD0DA69AD
:1080200012F0080F11D1DA6912F4006FD5D04FF4B5
:1080300000621A622846FFF700FD2023C5F884304D
:10804000002385F8783003200CE008241C622846C1
:10805000FFF7F3FCC5F88440002385F87830012051
:1080600000E00020BDE8F8830320FBE70320F9E7E8
:108070002DE9F04182B01E46C36F202B57D1044634
:108080000D469046002A18BF002901D101204FE07B
:108090000023C0F884302123C367FDF7B1F80746F9
:1080A000A4F85080A4F85280A368B3F5805F02D092
:1080B0004FF0000815E023693BB34FF0000810E0D3
:1080C0002023E367032033E038F8023B2268C3F340
:1080D00008039362B4F8522092B2013A92B2A4F823
:1080E0005220B4F852309BB293B100963B46002226
:1080F00080212046FFF769FF0028E1D1002DE3D061
:1081000015F8012B23689A62E4E7A8460025E8E702
:1081100000963B46002240212046FFF756FF10B94B
:108120002023E36704E02023E367032000E002202C
:1081300002B0BDE8F08130B583B004460023C0F83A
:108140008430FDF75DF805462268126812F0080FCA
:108150000FD123681B6813F0040F26D12023E36797
:10816000C4F8803000202066606684F8780003B090
:1081700030BD6FF07E430093034600224FF40011A0
:108180002046FFF722FF0028E3D0226852E8003F94
:1081900023F0800342E800310029F6D12023E36771
:1081A000002384F878300320E1E76FF07E430093EA
:1081B0002B4600224FF480012046FFF706FF0028DF
:1081C000CCD0226852E8003F23F4907342E800319B
:1081D0000029F6D1226802F1080353E8003F23F09A
:1081E0000103083242E800310029F3D12023C4F80A
:1081F0008030002384F878300320B8E768B310B5E6
:108200000446C36F03B32423E3672268136823F093
:1082100001031360636AE3B92046FFF7DDFC012820
:1082200011D02268536823F4904353602268936806
:1082300023F02A0393602268136843F0010313605C
:108240002046FFF778FF10BD80F87830FCF7C4FDBA
:10825000D9E72046FFF754FEDEE701207047000013
:1082600010B5044613464165A0F858200022C0F816
:1082700084202222C0F88020426F8AB11F49D16336
:10828000426F1F491164426F1E49D164426F002141
:1082900011650168426D2431406FFEF7E3F820BBA1
:1082A000236943B1226852E8003F43F4807342E8F7
:1082B00000310029F6D1226802F1080353E8003F9B
:1082C00043F00103083242E800310029F3D122686B
:1082D00002F1080353E8003F43F04003083242E84C
:1082E00000310029F3D1002010BD1023C4F88430E0
:1082F0002023C4F880300120F6E700BF277B000868
:10830000E97A0008917A000838B5D0F88030202B3F
:1083100016D1002A18BF002914D000230366036871
:108320005B6813F4000F08D0046854E8003F43F082
:10833000806344E80035002DF6D1FFF791FF00E09F
:10834000022038BD0120FCE700F1080343604FF034
:10835000FF328260C3600361002303607047002323
:108360000361704743684B609A688A605160996006
:108370000861036801330360704730B40D68B5F1DC
:10838000FF3F11D000F108031C465B681A68AA423F
:10839000FAD963684B6099608C606160086103681A
:1083A0000133036030BC70470469F2E70369416838
:1083B00082688A60416851605A68824206D0002211
:1083C00002611A68013A1A601868704782685A6038
:1083D000F5E70346406A18B11B6B1868C0F1070047
:1083E000704710B5044602F035F9A26BE36B9A4270
:1083F00004D0002402F054F9204610BD0124F9E70E
:1084000010B5044602F026F9A36B23B9012402F04B
:1084100047F9204610BD0024F9E770B5044615461B
:10842000866B026C5AB903681BB100200136A66343
:1084300070BD806801F02CFC0023A360F6E76DB9E5
:108440004068F9F70FF86368226C13446360A26810
:10845000934219D3236863602846E7E7C068F9F7B9
:1084600001F8E368226C51429B1AE3602268934250
:1084700002D2A3680B44E360022D01D00020D5E7AF
:1084800026B1013E0020D1E72846CFE70020CDE706
:1084900038B5054602F0DEF895F8454064B201E0D3
:1084A000013C64B2002C0ADD6B6A43B105F1240083
:1084B00001F0FAF90028F3D001F0AEFAF0E7FF235B
:1084C00085F8453002F0ECF802F0C4F895F8444025
:1084D00064B201E0013C64B2002C0ADD2B6943B1B7
:1084E00005F1100001F0E0F90028F3D001F094FA52
:1084F000F0E7FF2385F8443002F0D2F838BD38B5F4
:10850000E0B10D46044602F0A5F82368E26B216C49
:1085100001FB0230A0600020A0636360013A02FB0F
:108520000133E360FF2384F8443084F845300DBB09
:10853000236973B902F0B4F8012038BD4FF050033D
:1085400072B683F31188BFF36F8FBFF34F8F62B69C
:10855000FEE704F1100001F0A7F90028EAD04FF07F
:10856000E0234FF08052C3F8042DBFF34F8FBFF3C9
:108570006F8FDFE704F11000FFF7E6FE04F124003F
:10858000FFF7E2FED6E738B51D46049C0B4649B915
:108590002460E063236401212046FFF7B0FF84F8E4
:1085A0004C5038BD2260F4E750B94FF0500372B61A
:1085B00083F31188BFF36F8FBFF34F8F62B6FEE76F
:1085C000F0B583B00C4615460746A1B101FB00F09B
:1085D000503001F007FF064650B1002380F84630C6
:1085E00000902B4600F1500221463846FFF7CBFFA2
:1085F000304603B0F0BD0846EAE7F0B585B0019219
:1086000098B10F461D460446D1B1022D26D1E36B29
:10861000012B23D04FF0500372B683F31188BFF3C0
:108620006F8FBFF34F8F62B6FEE74FF0500372B605
:1086300083F31188BFF36F8FBFF34F8F62B6FEE7EE
:10864000036C002BE1D04FF0500372B683F3118816
:10865000BFF36F8FBFF34F8F62B6FEE701F0ACFA46
:10866000064668B9019B002B4AD04FF0500372B602
:1086700083F31188BFF36F8FBFF34F8F62B6FEE7AE
:1086800000263DE02A4639462046FFF7C6FE636ACB
:108690007BB948B14FF0E0234FF08052C3F8042D6E
:1086A000BFF34F8FBFF36F8F01F0FAFF012005B0CA
:1086B000F0BD04F1240001F0F7F80028F4D04FF0E9
:1086C000E0234FF08052C3F8042DBFF34F8FBFF368
:1086D0006F8FE9E701F0E4FF0020E8E702A801F06E
:1086E00049F9012619E0002384F8443021E00023F1
:1086F00084F8453023E02046FFF7CAFE00F040FF33
:1087000001F0A8FFA26BE36B9A42BBD3022DB9D054
:10871000019B002BDED0002EE0D001F0C1FF00F065
:1087200093FE01F097FF94F8442052B2B2F1FF3F5C
:10873000D9D094F8452052B2B2F1FF3FD7D001F022
:10874000AFFF01A902A801F021F9D8B92046FFF72F
:1087500048FE0028CFD0019904F1100001F08AF8FA
:108760002046FFF795FE00F00BFF0028C8D14FF020
:10877000E0234FF08052C3F8042DBFF34F8FBFF3B7
:108780006F8FBDE72046FFF783FE00F0F9FE002063
:108790008DE748B108B5002181600160C1600B46DA
:1087A0000A46FFF72AFF08BD704710B502460021B0
:1087B0000120FFF7F9FE0446FFF7EBFF204610BD4E
:1087C00070B584B0019168B10446036CABB14FF051
:1087D000500372B683F31188BFF36F8FBFF34F8FCF
:1087E00062B6FEE74FF0500372B683F31188BFF311
:1087F0006F8FBFF34F8F62B6FEE701F0DDF90546DC
:1088000060B9019B6BB14FF0500372B683F31188CE
:10881000BFF36F8FBFF34F8F62B6FEE7002635467A
:1088200057E0064655E0013BA36323683BB123694B
:108830004BB901F035FF0126304604B070BD01F0A0
:1088400093FBA060F3E704F1100001F02DF800287D
:10885000EFD04FF0E0234FF08052C3F8042DBFF368
:108860004F8FBFF36F8FE4E756B14FF0500372B6EE
:1088700083F31188BFF36F8FBFF34F8F62B6FEE7AC
:1088800001F00EFFD8E702A801F074F801252AE0F4
:10889000002384F8443032E0002384F8453034E08B
:1088A00001F0D8FEA06801F097F9064601F0F8FE45
:1088B0003BE02046FFF7ECFD00F062FE09E02046B9
:1088C000FFF7E6FD00F05CFE2046FFF799FD00286B
:1088D00042D101F0BFFEA36B002BA4D1019B002B62
:1088E000C2D0002DCFD001F0DBFE00F0ADFD01F0D5
:1088F000B1FE94F844305BB2B3F1FF3FC8D094F8B6
:1089000045305BB2B3F1FF3FC6D001F0C9FE01A90B
:1089100002A801F03BF80028D1D12046FFF770FDF6
:108920000028C6D02368002BBAD0019904F1240096
:1089300000F0A0FF2046FFF7ABFD00F021FE00286D
:10894000C7D14FF0E0234FF08052C3F8042DBFF39E
:108950004F8FBFF36F8FBCE70EB900266CE701F0B5
:1089600079FE2046FFF735FD0146A06801F0ECF9DD
:1089700001F096FEF1E78268436813440068181A14
:10898000824200D8801A7047F8B507460C46164652
:108990001D4655212046F8F7DFF984420AD04FF0F2
:1089A000500372B683F31188BFF36F8FBFF34F8FFD
:1089B00062B6FEE7242200213846F8F7CDF9BC6103
:1089C000BE60FD609DF818303B77F8BD52B94FF09E
:1089D000500372B683F31188BFF36F8FBFF34F8FCD
:1089E00062B6FEE72DE9F04104460E461746D0F880
:1089F00004808368A3EB0805954228BF154608EB61
:108A0000050293420AD24FF0500372B683F31188E5
:108A1000BFF36F8FBFF34F8F62B6FEE780692A46C0
:108A20004044F8F71FFDAF4212D97A1BA3689A425F
:108A30000AD94FF0500372B683F31188BFF36F8FDA
:108A4000BFF34F8F62B6FEE77119A069F8F70AFD10
:108A500007EB0803A2689A4200D89B1A6360384665
:108A6000BDE8F08130B583B00546019218466BB180
:108A70000C462B7F13F0010F0AD1904228BF1046FD
:108A80000190019A21462846FFF7A0FF03B030BDB0
:108A9000069B984201D20020F8E704220DEB020168
:108AA0002846FFF793FFECE72DE9F041934228BFFA
:108AB00013461C46002B34D006460F46D0F80080E3
:108AC0008368A3EB0805A54228BF2546AA420AD21F
:108AD0004FF0500372B683F31188BFF36F8FBFF36B
:108AE0004F8F62B6FEE708EB050293420AD24FF0C1
:108AF000500372B683F31188BFF36F8FBFF34F8FAC
:108B000062B6FEE781692A4641443846F8F7AAFC76
:108B1000AC4209D804EB0803B2689A4200D89B1A09
:108B200033602046BDE8F081621BB1697819F8F71F
:108B300099FCEFE72DE9F04383B005460F46164652
:108B40001C46DDF82880B8F1000F08D123463246D4
:108B500039462846FFF7A8FF03B0BDE8F083D0F8F8
:108B60000090424601A9FFF79FFF019BA4EB080478
:108B70009E4203D2C5F800900026E7E71E46E5E7CF
:108B8000F0B583B00C46012A0BD0C8B94FF05003A2
:108B900072B683F31188BFF36F8FBFF34F8F62B646
:108BA000FEE704280AD84FF0500372B683F3118809
:108BB000BFF36F8FBFF34F8F62B6FEE7012600E071
:108BC0000026A0420AD24FF0500372B683F31188F8
:108BD000BFF36F8FBFF34F8F62B6FEE704B9012476
:108BE000471C253001F0FEFB054630B100962346B8
:108BF0003A4600F12401FFF7C7FE284603B0F0BD56
:108C0000034648B18268006810445B68C01A0138A6
:108C1000824200D8801A70474FF0500372B683F337
:108C20001188BFF36F8FBFF34F8F62B6FEE72DE958
:108C3000F04186B00393A9B1044616468846E0B1D8
:108C4000037F13F0010F23D0171DBA4221D34FF039
:108C5000500372B683F31188BFF36F8FBFF34F8F4A
:108C600062B6FEE74FF0500372B683F31188BFF38C
:108C70006F8FBFF34F8F62B6FEE74FF0500372B6AF
:108C800083F31188BFF36F8FBFF34F8F62B6FEE798
:108C90001746039B8BB304A800F04EFE01F0DAFCEC
:108CA0002046FFF7ADFF0546874223D9002001F09B
:108CB000D3FA63699BB900F079FF606101F0F0FCC1
:108CC000039B00221146104601F05CF9002363610A
:108CD00003A904A800F05AFE0028DFD00CE04FF0F2
:108CE000500372B683F31188BFF36F8FBFF34F8FBA
:108CF00062B6FEE701F0D4FC1DB92046FFF780FF05
:108D0000054600972B46324641462046FFF7AAFE0D
:108D1000054618B9284606B0BDE8F0812046FFF7A1
:108D20002AFEE3689842F5D300F08EFB23693BB13D
:108D3000206900231A46194601F070F900232361C7
:108D400000F01EFCE6E7F1B12DE9F04182B00446E7
:108D500015461E460F4608B3037F13F0010F28D0B7
:108D600002F104082046FFF74BFF0346CDF80080D0
:108D70002A4639462046FFF775FE0546D8B92846EB
:108D800002B0BDE8F0814FF0500372B683F3118852
:108D9000BFF36F8FBFF34F8F62B6FEE74FF0500304
:108DA00072B683F31188BFF36F8FBFF34F8F62B634
:108DB000FEE79046D6E72046FFF7DDFDE3689842E0
:108DC000DDD3EFF311874FF0500372B683F31188B0
:108DD000BFF36F8FBFF34F8F62B6236943B1206932
:108DE000009600231A46194601F09AF900232361E0
:108DF00087F31188C3E739B32DE9F04383B0044604
:108E000017461E46884650B3037F13F0010F31D03A
:108E10004FF00409002E44D001F01CFC2046FFF75F
:108E2000AAFD054681452BD3002001F015FA2369E0
:108E30001BB34FF0500372B683F31188BFF36F8FEB
:108E4000BFF34F8F62B6FEE74FF0500372B683F365
:108E50001188BFF36F8FBFF34F8F62B6FEE74FF0FD
:108E6000500372B683F31188BFF36F8FBFF34F8F38
:108E700062B6FEE74FF00009CCE700F097FE2061F4
:108E800001F00EFCA94510D33346002211461046CE
:108E900001F078F8002323612046FFF76CFD0546BA
:108EA00003E02046FFF767FD05464D4504D8002541
:108EB000284603B0BDE8F083CDF800902B463A4633
:108EC00041462046FFF736FE05460028F0D000F068
:108ED000BBFA63693BB1606900231A46194601F089
:108EE0009DF80023636100F04BFBE1E7002301E004
:108EF000013001330278A52AFAD0C3F38F007047FE
:108F0000084B1B681B6823B9074B4FF0FF321A60F0
:108F10007047044B1B68DB68DB685A68024B1A60B9
:108F2000704700BF60120020F81100202DE9F047C3
:108F300080460D4617469946089EDDF824A00A9CF7
:108F40009200A521206BF7F707FF236B6FF04042DB
:108F50003A4403EB820727F00707ADB34FF0000C4C
:108F6000BCF10F0F09D815F80C3004EB0C0282F895
:108F7000343013B10CF1010CF2E7002384F84330D4
:108F8000062E00D90626E662E66400252565201D2A
:108F9000FFF7E5F904F11800FFF7E1F92461C6F1E4
:108FA0000706A66164626565A56584F85C504A465B
:108FB0004146384601F020FB2060BAF1000F01D095
:108FC000CAF80040BDE8F087002384F83430D7E7C2
:108FD00038B5002407E004EB840293000E481844DF
:108FE000FFF7B2F90134062CF5D90C4D2846FFF7EE
:108FF000ABF90B4C2046FFF7A7F90A48FFF7A4F995
:109000000948FFF7A1F90948FFF79EF9084B1D60D1
:10901000084B1C6038BD00BF8C1200207812002065
:109020006412002048120020341200201C1200207C
:10903000601200205C12002010B5044601F00AFB0B
:10904000224A136801331360214B1B685BB1214B2B
:109050001B686BB91E4B1B68DA6AE36A9A4207D831
:109060001B4B1C6004E01A4B1C601368012B29D0B9
:10907000194A1368013313606364E06A0123834073
:10908000164A11680B43136000EB8000211D144B3E
:1090900003EB8000FFF766F901F002FB0D4B1B6844
:1090A0007BB10B4B1B68DA6AE36A9A4209D24FF034
:1090B000E0234FF08052C3F8042DBFF34F8FBFF36E
:1090C0006F8F10BDFFF784FFD2E700BF181200209A
:1090D000181300200C120020FC1100201012002098
:1090E0008C12002010B5044690F85D3073B1012B4E
:1090F00013D0022B10D04FF0500372B683F31188B7
:10910000BFF36F8FBFF34F8F62B6FEE7006B01F0C6
:10911000E9F9204601F0E6F910BD01F0E3F9FBE7BB
:109120000F4B1B68D3B110B501F094FA0D4BDB68FF
:10913000DC68201DFFF73AF90B4A1368013B136006
:10914000074A1368013B136001F0AAFA2046FFF7B3
:10915000C9FF034B1B68002BE6D110BD704700BF51
:1091600030120020341200201812002008B5FFF73A
:10917000D7FF074B1B68012BF9D94FF0E0234FF0C5
:109180008052C3F8042DBFF34F8FBFF36F8FEEE70C
:109190008C12002070B504460D461F4B1E681F4BF5
:1091A00018680430FFF702F948B91C4B1B68DB6AEA
:1091B00001229A401A490B6823EA02030B60B4F1BA
:1091C000FF3F14BF00230123002D08BF00236BB90C
:1091D0003444124B1B685C60A6420ED9114B1868D0
:1091E0000E4B19680431FFF7C8F870BD0B4B1968B6
:1091F00004310D48FFF7B6F8F7E70C4B1868074B3A
:1092000019680431FFF7B9F8094B1B68A342ECD980
:10921000074B1C60E9E700BF141200201813002060
:10922000101200205C1200201C120020601200208E
:10923000F811002010B50446F7F7DCF82046F7F7E0
:109240001FFD02E02023235401300E28FAD9002309
:109250002354204410BD30B587B00B9C8CB10C9DBD
:10926000D5B160250495049D602D20D04FF05003AA
:1092700072B683F31188BFF36F8FBFF34F8F62B65F
:10928000FEE74FF0500372B683F31188BFF36F8F80
:10929000BFF34F8F62B6FEE74FF0500372B683F311
:1092A0001188BFF36F8FBFF34F8F62B6FEE7049D47
:1092B0000C9D2C63022485F85D40002403940295E4
:1092C00005AC01940A9C0094FFF730FE0C98FFF760
:1092D000B3FE059807B030BD2DE9F04385B00746D1
:1092E000884614461E46900001F07CF808B381467B
:1092F000602001F077F80546A8B1C0F8309000234F
:1093000080F85D30039302900D9B01930C9B0093BA
:109310003346224641463846FFF708FE2846FFF707
:109320008BFE012007E0484601F0DCF84FF0FF30EB
:1093300001E04FF0FF3005B0BDE8F083F8B5D0B1E3
:1093400004461D4B1B6883422FD001F083F96569E9
:109350001A4B1F681A4B1E6801F0A2F9B54218BFDC
:10936000BD4224D0174B9D4210D0174B9D4220D0B8
:10937000CDB101201AE04FF0500372B683F311888B
:10938000BFF36F8FBFF34F8F62B6FEE7A36A0BB1D7
:1093900002200BE094F85C30DBB2012B01D00320FB
:1093A00004E0022002E0042000E00020F8BD0220DA
:1093B000FCE70420FAE700BF181300206012002029
:1093C0005C1200201C1200203412002010B588B05E
:1093D00000240594069407AA06A905A8FAF7D4FF65
:1093E000059B0293069B019300942346079A10491C
:1093F0001048FFF730FF104B1860B0B14FF050032A
:1094000072B683F31188BFF36F8FBFF34F8F62B6CD
:109410000A4B4FF0FF321A60094B01221A60094BC8
:109420001C60FAF76DFC01F0B1F908B010BD00BF87
:10943000F8B200086D910008F4110020F811002026
:109440000C12002014120020024A1368013313602A
:10945000704700BFF0110020014B1868704700BF33
:1094600014120020F8B53B4B1B68002B66D13A4B19
:109470001D6801351D60D5B9384B1B681B6853B199
:109480004FF0500372B683F31188BFF36F8FBFF3B1
:109490004F8F62B6FEE7314A1168314B1868106091
:1094A0001960304A136801331360FFF729FD2E4B12
:1094B0001B68AB4238D900272C4B1B68DB6A03EBD7
:1094C00083039A002A4B9B58012B3CD901273AE091
:1094D0000127224B1B681B6843B3204B1B68DB68CA
:1094E000DC6863689D4226D3261D3046FEF75EFF8A
:1094F000A36A1BB104F11800FEF758FFE36A0122CA
:109500009A401C49086802430A6003EB83039A00EF
:10951000314617481044FEF725FFE26A134B1B68DB
:10952000DB6A9A42D4D2D4E70027D2E70E4B4FF041
:10953000FF321A60C0E70C4A1360BDE70E4A136899
:109540000133136000270D4B1B6803B10127384618
:10955000F8BD00BFF011002014120020601200209E
:109560005C12002000120020F811002018130020C7
:109570008C1200201012002008120020041200207B
:1095800038B5364B1B6853B94FF0500372B683F3AE
:109590001188BFF36F8FBFF34F8F62B6FEE701F004
:1095A00059F82E4B1A68013A1A601B68002B4FD1EC
:1095B0002B4B1B680BB900244BE00024294B1B6884
:1095C0001BB3284BDB68DC6804F11800FEF7EEFEE5
:1095D000251D2846FEF7EAFEE06A01238340224A61
:1095E00011680B43136000EB800029461F4B03EB0F
:1095F0008000FEF7B7FEE26A1D4B1B68DB6A9A42E9
:10960000DCD31C4B01221A60D8E70CB1FFF778FCC1
:10961000194B1C6884B9174B1C68D4B14FF0E02378
:109620004FF08052C3F8042DBFF34F8FBFF36F8FFD
:1096300001240EE0013C07D0FFF714FF0028F9D009
:109640000C4B01221A60F5E70B4B00221A60E2E78F
:10965000002401F025F8204638BD00BFF01100209D
:109660001812002048120020101200208C12002036
:1096700018130020041200200812002038B568B129
:109680000C460546A9B94FF0500372B683F3118812
:10969000BFF36F8FBFF34F8F62B6FEE74FF05003FB
:1096A00072B683F31188BFF36F8FBFF34F8F62B62B
:1096B000FEE71C4B1B6853B14FF0500372B683F3A7
:1096C0001188BFF36F8FBFF34F8F62B6FEE7FFF7CE
:1096D000BBFE154B18682B681C44834209D9A34272
:1096E00001D82C600EE0A04201D32C600AE02C606F
:1096F00004E0A34201D8A04212D22C600021201A1B
:10970000FFF748FDFFF73CFF48B94FF0E0234FF06B
:109710008052C3F8042DBFF34F8FBFF36F8F38BD56
:109720002C60EFE7F01100201412002010B5B8B142
:109730000446114B1B6853B14FF0500372B683F3CC
:109740001188BFF36F8FBFF34F8F62B6FEE7FFF74D
:109750007BFE00212046FFF71DFDFFF711FF48B9F2
:109760004FF0E0234FF08052C3F8042DBFF34F8F2A
:10977000BFF36F8F10BD00BFF011002008B5364B4E
:109780001B681BB1354B01221A6008BD334B002208
:109790001A60FAF7D9FA324B1860324B1B689842BC
:1097A00005D9314A11684A6DC31A1A444A652D4BCE
:1097B00018602D4B1B681B6B1A68B2F1A53F03D1D3
:1097C0005A68B2F1A53F1DD0274B1868196834318B
:1097D000F9F718FE254B1B68B3FA83F3DBB2C3F12C
:1097E0001F0303EB8302920021498A589AB94FF074
:1097F000500372B683F31188BFF36F8FBFF34F8F9F
:1098000062B6FEE79A68B2F1A53FDDD1DB68B3F13D
:10981000A53FD9D1DEE7164803EB830200EB8202B5
:1098200051684968516003EB830292000832024498
:10983000914209D003EB83030D4A02EB83035B687B
:10984000DA68094B1A60A0E7486803EB8301084A0D
:1098500002EB81025060EDE7F011002004120020BD
:10986000E8110020EC110020181300201012002035
:109870008C12002058B110B50C460A4A11681831F4
:10988000FEF77BFD01212046FFF784FC10BD4FF061
:10989000500372B683F31188BFF36F8FBFF34F8FFE
:1098A00062B6FEE71813002038B5C368DC6824B33D
:1098B00004F118052846FEF779FD194B1B683BBBE0
:1098C000251D2846FEF772FDE06A01238340154AF4
:1098D00011680B43136000EB80002946124B03EB29
:1098E0008000FEF73FFDE26A104B1B68DB6A9A427C
:1098F00013D901200E4B186038BD4FF0500372B6DB
:1099000083F31188BFF36F8FBFF34F8F62B6FEE70B
:1099100029460848FEF726FDE5E70020ECE700BFF2
:10992000F0110020101200208C12002018130020CB
:10993000041200204812002060B110B5044600F067
:1099400089FE0A4B1B682360094B1B68636000F0AB
:10995000A7FE10BD4FF0500372B683F31188BFF31A
:109960006F8FBFF34F8F62B6FEE700BF001200207B
:1099700014120020034B1B680360034B1B684360F9
:10998000704700BF0012002014120020F8B5C8B1C3
:109990000C46054609B300F05DFE1D4B19686B6867
:1099A000C81A2268B2F1FF3F2AD01A4E36682F68D3
:1099B000B74201D08B4228D9824219D800232360B4
:1099C00001241EE04FF0500372B683F31188BFF3F9
:1099D0006F8FBFF34F8F62B6FEE74FF0500372B642
:1099E00083F31188BFF36F8FBFF34F8F62B6FEE72B
:1099F0005B1A134423602846FFF7BCFF002400E0F5
:109A0000002400F04DFE2046F8BD0124F9E700BF18
:109A10001412002000120020014B01221A6070472E
:109A20000412002070B50C4616460546D0B12560DC
:109A300005F134026260EA6A22612A6BE2616A6CB3
:109A4000A260EA6C62616A6DA261052B19D0124AAC
:109A50001268AA4209D02373032B09D0B6B9002398
:109A6000238470BD0C4A1568E1E700232373F5E7F2
:109A7000FFF7EAFCAB6A0BB102232373FFF780FD0B
:109A8000ECE72846FFF75AFC2073E7E7286BFFF75F
:109A90002DFA2084E5E700BF181300202DE9F047D8
:109AA0000C683CB307460D4690464B685B684B60BC
:109AB00001F108094B4504D06B68D3F80CA00024D1
:109AC00010E05B684B60F7E76B68DE6804EBC4018D
:109AD0004346012207EB81013046FFF7A3FF013423
:109AE000B24507D06B68596869608945ECD14B680D
:109AF0006B60E9E72046BDE8F0870000F8B5064650
:109B00000C461746FFF7A0FC224B1B68A3423CD82B
:109B100007250024013D04EBC40005EB850101226B
:109B20001D4B03EB810106EB8000FFF7B7FF0444F8
:109B3000002DEFD104EBC400184B1968022206EB8C
:109B40008000FFF7ABFF044404EBC400144B19681A
:109B5000022206EB8000FFF7A1FF044404EBC400DF
:109B60000422104906EB8000FFF798FF044404EB41
:109B7000C40003220C4906EB8000FFF78FFF04446A
:109B800027B1FAF7E1F8386000E00024FFF7F8FCAD
:109B90002046F8BD181200208C1200206012002010
:109BA0005C120020341200201C120020014B1868A7
:109BB000704700BF18130020054B1B6833B1054BDD
:109BC0001B680BB1002070470220704701207047CE
:109BD0000C120020F011002000284FD038B50446A8
:109BE000C36A284A1268D26A93423FD28269002A25
:109BF00005DB244A1268D26AC2F1070282616169F8
:109C000003EB8303204A02EB8303994205D01D4BEB
:109C10001B68DB6AE362012038BD251D2846FEF77C
:109C2000C5FB70B9E26A02EB82039B001649CB5870
:109C30003BB9012303FA02F214490B6823EA020339
:109C40000B60104B1B68D86AE062012404FA00F331
:109C50000E4A11680B43136000EB800029460A4B43
:109C600003EB8000FEF77EFB2046D5E7C26C054B78
:109C70001B68DB6A9A4203D30020CDE700207047BF
:109C80000120C9E7181300208C12002010120020B8
:109C900000284FD038B50446284B1B6883420AD0B1
:109CA0004FF0500372B683F31188BFF36F8FBFF389
:109CB0004F8F62B6FEE7036D53B94FF0500372B693
:109CC00083F31188BFF36F8FBFF34F8F62B6FEE748
:109CD000013B0365C16AC26C91422DD00BB10020DB
:109CE00038BD051D2846FEF761FB68B9E36A03EB42
:109CF0008302920012498A5832B901229A401149CE
:109D00000B6823EA02030B60E06CE062C0F107031A
:109D1000A361012404FA00F30A4A11680B4313609B
:109D200000EB80002946064B03EB8000FEF71AFB90
:109D30002046D5E7002070470020D1E71813002007
:109D40008C12002010120020002859D038B504468B
:109D5000036D53B94FF0500372B683F31188BFF30C
:109D60006F8FBFF34F8F62B6FEE7C26C8A4200D29C
:109D70000A46E16A914201D0012B00D038BD214B47
:109D80001B68A34231D0E262A369002B02DBC2F15F
:109D90000702A261626901EB81011B4B03EB8103A6
:109DA0009A42EBD1251D2846FEF700FB68B9E36A0D
:109DB00003EB8302920014498A5832B901229A4077
:109DC00012490B6823EA02030B60E06A0123834017
:109DD0000E4A11680B43136000EB800029460A4BC2
:109DE00003EB8000FEF7BEFAC8E74FF0500372B6EF
:109DF00083F31188BFF36F8FBFF34F8F62B6FEE717
:109E0000704700BF181300208C1200201012002091
:109E10002DE9F04383B0064600230370294B1C68EC
:109E2000186800EBC000800000F0DCFA002845D084
:109E3000804600222146FFF761FE0746002514E018
:109E40004FF0580961683046FFF7F4F90646236978
:109E5000228CA168019100924A461B49F6F732FA1A
:109E60003046F6F70DFF06440135BD4223D205EB1F
:109E7000C50408EB8404237B042B16D801A252F8F6
:109E800023F000BF419E0008B19E0008999E000883
:109E90009F9E0008A59E00084FF04209D2E74FF0B0
:109EA0005309CFE74FF04409CCE74FF00009C9E769
:109EB0004FF05209C6E7404600F014FB03B0BDE87E
:109EC000F08300BF1812002000B300082DE9F04F06
:109ED00083B00446002303701F4B1D68186800EB15
:109EE000C000800000F07EFA80B1814601AA2946B8
:109EF000FFF704FE8246019A184BA3FB02135B098D
:109F00000193632A26D8484600F0ECFA03B0BDE876
:109F1000F08FAA691249F6F7D5F92046F6F7B0FE98
:109F2000044401365645EED206EBC60509EB85051D
:109F3000D5F81880019FB8FBF7FB69682046FFF74A
:109F400079F90446B845E4D35B46AA690549F6F7B2
:109F5000B9F9E2E70026E5E7181200201F85EB516A
:109F60001CB3000810B30008054B1B6823B1044B59
:109F70001A68136D01331365014B1868704700BFF1
:109F800018130020F8B506460F4614461D4600F08B
:109F900061FB214B1B6893F85C20D2B2022A0AD0E5
:109FA0001D4A11688B6D23EA06038B651368012235
:109FB00083F85C20CDB900F073FB00F04BFB1CB1C3
:109FC000154B1B689B6D2360134B1B6893F85C302B
:109FD000DBB2022B18D000240F4B1B68002283F841
:109FE0005C2000F05DFB2046F8BD11462846FFF7D7
:109FF000D1F84FF0E0234FF08052C3F8042DBFF3A7
:10A000004F8FBFF36F8FD6E7034B1A68936D23EA28
:10A01000070393650124DFE718130020F8B5A8B102
:10A020000E4614461D46074600F014FB0DB1BB6DED
:10A030002B6097F85C30DBB2022287F85C20042C9E
:10A0400023D8DFE804F0110E181C1E004FF0500357
:10A0500072B683F31188BFF36F8FBFF34F8F62B671
:10A06000FEE7BA6D3243BA65012B1DD0012400F022
:10A0700017FB2046F8BDBA6D0132BA65F4E7BE653C
:10A08000F2E7022B42D0BE65EEE7BA6DB2F1FF3FB8
:10A09000EAD04FF0500372B683F31188BFF36F8F8D
:10A0A000BFF34F8F62B6FEE73C1D2046FEF77EF9F8
:10A0B000F86A01238340174A11680B43136000EBD1
:10A0C00080002146144B03EB8000FEF74BF9BB6A7E
:10A0D00053B14FF0500372B683F31188BFF36F8F03
:10A0E000BFF34F8F62B6FEE7FA6A0C4B1B68DB6A60
:10A0F0009A420DD94FF0E0234FF08052C3F8042D5F
:10A10000BFF34F8FBFF36F8F0124B0E70024AEE79A
:10A110000124ACE7101200208C120020181300203C
:10A1200020B32DE9F0410E4614461D46074600F0C7
:10A1300097FBEFF311834FF0500272B682F3118850
:10A14000BFF36F8FBFF34F8F62B698460DB1BB6DF3
:10A150002B6097F85C30DBB2022287F85C20042C7D
:10A1600023D8DFE804F0110E181C1E004FF0500336
:10A1700072B683F31188BFF36F8FBFF34F8F62B650
:10A18000FEE7BA6D3243BA65012B1DD0012088F37A
:10A190001188BDE8F081BA6D0132BA65F4E7BE6599
:10A1A000F2E7022B48D0BE65EEE7BA6DB2F1FF3F91
:10A1B000EAD04FF0500372B683F31188BFF36F8F6C
:10A1C000BFF34F8F62B6FEE7BB6A53B14FF0500347
:10A1D00072B683F31188BFF36F8FBFF34F8F62B6F0
:10A1E000FEE7174B1B680BBB3C1D2046FEF7DEF855
:10A1F000F86A01238340134A11680B43136000EB94
:10A2000080002146104B03EB8000FEF7ABF8FA6AA2
:10A210000E4B1B68DB6A9A4210D9069B13B10123CF
:10A22000069A136001200A4B1860B0E707F1180185
:10A230000848FEF797F8EAE70020A8E70120A6E71C
:10A24000F0110020101200208C12002018130020A2
:10A25000041200204812002010B5044658B100F046
:10A26000F9F994F85C30DBB2022B07D0002400F03F
:10A2700017FA204610BD044B1C68F0E7002384F851
:10A280005C300124F3E700BF18130020842801D0BC
:10A29000033070470020704708B5FFF797F800209B
:10A2A00008BD2DE9F04387B00E464469C4B1856905
:10A2B000B5B14768D0F80080D0F81090B0F9080028
:10A2C000FFF7E4FF02950194009033464A46414669
:10A2D0003846FEF7C0FF0590059807B0BDE8F0834B
:10A2E000446805680769B0F90800FFF7CFFF05ABC0
:10A2F000019300903346BAB229462046FEF7ECFFA0
:10A300000128E9D00020E8E708B500B90120FFF7EF
:10A310000DFA002008BD0000134A12F0070F1FD0ED
:10A32000D11D21F007014CF250335B1A13440A4649
:10A330000E480260002141601344083B23F00703EC
:10A340000B48036059601960991A51601360094BFA
:10A350001960094B1960094B4FF000421A607047B1
:10A360004CF25033E4E700BF341300202C130020DC
:10A370002813002020130020241300201C13002089
:10A38000164B1A461B688342FBD3516802EB010C43
:10A39000844509D0416800EB010C634509D0036096
:10A3A000904219D0106070474068014451601046D7
:10A3B000F0E710B40A4C2468A3420BD05B68194440
:10A3C000416013681B680360904200D010605DF824
:10A3D000044B70470460F7E7704700BF2C13002060
:10A3E0002813002038B50446FFF72EF8384B1B68B9
:10A3F000B3B1384B1B681C424ED1002C4ED004F137
:10A40000080214F0070F02D022F007020832002AD7
:10A4100055D0314B1B68934253D330490C6804E04C
:10A42000FFF77AFFE5E721461C466368934202D2B4
:10A430002368002BF7D1264B1B68A34243D00D683D
:10A44000083523680B6063689B1A102B12D9A0187B
:10A4500010F0070F0AD04FF0500372B683F3118843
:10A46000BFF36F8FBFF34F8F62B6FEE7436062604A
:10A47000FFF786FF626818490B689B1A0B60184942
:10A4800009688B4201D216490B60124B1B681343BB
:10A4900063600023236002E0002500E00025FFF751
:10A4A0006FF815F0070F10D04FF0500372B683F31A
:10A4B0001188BFF36F8FBFF34F8F62B6FEE70025A1
:10A4C000EDE70025EBE70025E9E7284638BD00BFAA
:10A4D000281300201C130020241300202C1300201C
:10A4E00020130020002834D038B50446A0F1080518
:10A4F00050F8043C174A126813420AD14FF0500337
:10A5000072B683F31188BFF36F8FBFF34F8F62B6BC
:10A51000FEE750F8081C51B14FF0500372B683F3B8
:10A520001188BFF36F8FBFF34F8F62B6FEE723EA48
:10A53000020340F8043CFEF787FF54F8041C064A67
:10A5400013680B4413602846FFF71AFFFFF718F84B
:10A5500038BD70471C13002024130020014B1868DD
:10A56000704700BF24130020014B1868704700BFDC
:10A570002013002082B0002301930F4B1B68B3F11E
:10A58000FF3F0AD04FF0500372B683F31188BFF338
:10A590006F8FBFF34F8F62B6FEE74FF0500372B676
:10A5A00083F31188BFF36F8FBFF34F8F62B6019BA8
:10A5B000002BFCD002B070476C00002008480068F7
:10A5C000006880F308884FF0000080F3148862B6BA
:10A5D00061B6BFF34F8FBFF36F8F00DF00BF000086
:10A5E00008ED00E0DFF80C00016841F47001016043
:10A5F0007047000088ED00E04FF0807340F8043CA5
:10A6000021F0010140F8081C054B40F80C3C40F8D3
:10A61000202C6FF0020340F8243C4438704700BF00
:10A6200075A5000800000000000000000000000008
:10A63000074B19680868B0E8F04F80F30988BFF34A
:10A640006F8F4FF0000080F311887047AFF30080E8
:10A65000181300204FF0500372B683F31188BFF334
:10A660006F8FBFF34F8F62B60C4A136801331360CC
:10A67000012B00D070474FF0E023D3F8043D13F0D6
:10A68000FF0FF7D04FF0500372B683F31188BFF37A
:10A690006F8FBFF34F8F62B6FEE700BF6C000020E4
:10A6A0000A4B1B6853B94FF0500372B683F31188FD
:10A6B000BFF36F8FBFF34F8F62B6FEE7013B034AD4
:10A6C00013600BB983F31188704700BF6C00002042
:10A6D000EFF30980BFF36F8F154B1A681EF0100F50
:10A6E00008BF20ED108A20E9F04F10602DE9090025
:10A6F0004FF0500072B680F31188BFF34F8FBFF355
:10A700006F8F62B6FFF73AF84FF0000080F31188C0
:10A7100009BC19680868B0E8F04F1EF0100F08BFB8
:10A72000B0EC108A80F30988BFF36F8F704700BFC9
:10A730001813002008B54FF0500372B683F3118848
:10A74000BFF36F8FBFF34F8F62B6FEF78BFE28B15A
:10A750004FF0E0234FF08052C3F8042D002383F321
:10A76000118808BD4FF0E022002313619361054B6F
:10A770001B680549A1FB03139B09013B5361072398
:10A780001361704760000020D34D621030B583B074
:10A790002F4B1A78D2B20192FF221A701B78DBB2CB
:10A7A0008DF803309DF8033003F05003294A1370ED
:10A7B000294B07221A6009E0274A1368013B1360FE
:10A7C0009DF803305B00DBB28DF803309DF8033059
:10A7D00013F0800FF0D1204B1B68032B0AD04FF0F1
:10A7E000500372B683F31188BFF36F8FBFF34F8F9F
:10A7F00062B6FEE71B02184A136003F4E0631360BD
:10A80000019BDBB2124A13704FF0E024D4F8203DD4
:10A8100043F47003C4F8203DD4F8203D43F0704366
:10A82000C4F8203DFFF79EFF00250C4B1D60FFF78D
:10A83000D9FED4F8343F43F04043C4F8343FFFF727
:10A84000BDFEFEF79BFFFFF795FE284603B030BD27
:10A8500000E400E088D6002084D600206C000020B0
:10A86000EFF305830F2B11D9134A9B5CDBB2134A1C
:10A8700012789A420AD94FF0500372B683F31188C6
:10A88000BFF36F8FBFF34F8F62B6FEE74FF0E02349
:10A89000D3F80C3D03F4E063094A126893420AD9E5
:10A8A0004FF0500372B683F31188BFF36F8FBFF37D
:10A8B0004F8F62B6FEE77047F0E300E088D60020D5
:10A8C00084D60020DFF834D0FAF72AFC0C480D4972
:10A8D0000D4A002302E0D458C4500433C4188C42FB
:10A8E000F9D30A4A0A4C002301E013600432A24261
:10A8F000FBD3F5F7DDFFF9F7F9FB704700000820FF
:10A9000000000020700000209CB4000870000020AF
:10A910008CD60020FEE70000F8B500BFF8BC08BCEC
:10A920009E467047F8B500BFF8BC08BC9E4670470D
:10A93000ECB200087D4300080000000000000000A9
:10A94000000100000000000000000000DCB2000870
:10A950001D3C0008FEFF000000000000E8030000AE
:10A960000000000000000000D0B20008453C0008D4
:10A97000FEFF000000000000E803000000000000EF
:10A9800000000000C4B2000871340008000000009C
:10A9900000000000E80300000000000000000000CC
:10A9A00078B300087CB3000880B3000800202020A2
:10A9B000202020202020282828282820202020206F
:10A9C000202020202020202020202020208810103F
:10A9D000101010101010101010101010100404049B
:10A9E0000404040404040410101010101010414159
:10A9F0004141414101010101010101010101010147
:10AA0000010101010101010110101010101042425A
:10AA10004242424202020202020202020202020216
:10AA200002020202020202021010101020000000B6
:10AA30000000000000000000000000000000000016
:10AA40000000000000000000000000000000000006
:10AA500000000000000000000000000000000000F6
:10AA600000000000000000000000000000000000E6
:10AA700000000000000000000000000000000000D6
:10AA800000000000000000000000000000000000C6
:10AA900000000000000000000000000000000000B6
:10AAA00000000000000000000000000000000000A6
:10AAB000537461636B206F766572666C6F77206686
:10AAC0006F72207461736B2025730A000A0A48496B
:10AAD0004C5F6F6E626F617264696E6720626F6F48
:10AAE00074696E670000000046696E69736865648A
:10AAF000207573657220696E697400005374617209
:10AB000074696E6720757021210A000025750000A8
:10AB100053746570206D75737420626520612064C4
:10AB200077656C6C20696E206D732C203020746FFB
:10AB30002025750A000000004441432077726974A3
:10AB400065206661696C65640A000000436F646596
:10AB5000203078253033580A0000000025780000A6
:10AB6000436F6465206D75737420626520612031C8
:10AB70003220626974206865782076616C75652C76
:10AB800020307830303020746F2030784646460AC6
:10AB90000000000053657420444143206F757470B9
:10ABA000757420746F20636F6465203078253033AE
:10ABB000580A0000566F6C74616765206D75737478
:10ABC00020626520696E206D696C6C69766F6C74AB
:10ABD000732C203020746F2025750A005365742073
:10ABE000444143206F757470757420746F2025750F
:10ABF000206D560A000000004E6F20726573706F62
:10AC00006E73652066726F6D2074686520444143E1
:10AC10002C20636865636B20776972696E672C20EE
:10AC200070756C6C2075707320616E642062757332
:10AC3000206E756D6265720A000000004441432079
:10AC400061636B6E6F776C65646765640A00000012
:10AC5000427573206D757374206265206265747728
:10AC600065656E203120616E642025640A00000055
:10AC7000466F756E64206465766963652061742033
:10AC80003078253032580A005363616E20636F6D4F
:10AC9000706C6574650A00006932634461635365D2
:10ACA00074436F64650000006932634461635365F7
:10ACB00074436F6465203C636F64653E3A0D0A20FF
:10ACC000205365742074686520636F6E66696775CC
:10ACD000726564204D435034373238206F7574707C
:10ACE000757420746F20612031322062697420688D
:10ACF000657861646563696D616C20636F64650D7F
:10AD00000A00000069326344616352616D700000A3
:10AD100069326344616352616D70203C6D733E3AE9
:10AD20000D0A2020537765657020746865204D43B7
:10AD300050343732382066726F6D207A65726F201A
:10AD4000746F2066756C6C207363616C652C206475
:10AD500077656C6C696E67203C6D733E2061742072
:10AD60006561636820737465700D0A00693263441D
:10AD70006163536574566F6C746167650000000011
:10AD8000693263446163536574566F6C74616765BF
:10AD9000203C6D563E3A0D0A20205365742074689D
:10ADA00065204D435034373238206F757470757498
:10ADB00020746F206120766F6C7461676520696E06
:10ADC000206D696C6C69766F6C74730D0A000000FD
:10ADD00069326344616350726F6265006932634433
:10ADE000616350726F62653A0D0A202043686563A3
:10ADF0006B207468617420746865204D435034374B
:10AE000032382061636B6E6F776C656467657320A1
:10AE10006F6E2069747320636F6E66696775726503
:10AE200064206275730D0A006932635363616E00BA
:10AE30006932635363616E203C6275733E3A0D0A5A
:10AE400020205363616E20493243203C6275733E7B
:10AE50002028312D332920616E64206C69737420A1
:10AE60007468652037206269742061646472657358
:10AE7000736573207468617420726573706F6E649B
:10AE80000D0A00004661696C656420746F20696E6C
:10AE9000697420756172744275732C206E6F205234
:10AEA0005820444D41206C696E6B656420746F209E
:10AEB00074686520646562756720554152540A00C4
:10AEC000525820444D41206973206E6F74204369AD
:10AED0007263756C61722C207365742069742074C0
:10AEE0006F2043697263756C617220696E204375CF
:10AEF00062654D580A000000525820444D412068B8
:10AF0000617320746865204649464F20656E616212
:10AF10006C65642C207365742044697265637420C9
:10AF20006D6F646520696E20437562654D58206FB2
:10AF300072206E6F2063686172616374657220773E
:10AF4000696C6C2065766572206172726976650A3B
:10AF5000000000004661696C656420746F207072A7
:10AF60006F626520493243206275732025642C206E
:10AF700062616420617267756D656E740A0000001D
:10AF800048494C5F6F6E626F617264696E672073CF
:10AF900074616E64616C6F6E65206275696C642C9F
:10AFA0002053657020313820323032362031373A24
:10AFB00034393A31360A00005461736B0909416231
:10AFC000732074696D650950657263656E740D0A4E
:10AFD000000000005461736B0909537461746509C2
:10AFE00050726909537461636B094E756D0D0A00E7
:10AFF00048656170206672656520256C75206279F0
:10B000007465732C206D696E696D756D206576654C
:10B0100072206672656520256C752062797465738F
:10B020000A0000000D0A48494C5F6F6E626F617242
:10B0300064696E67207374616E64616C6F6E652CF9
:10B04000206275696C74205365702031382032306D
:10B0500032362031373A34393A31360D0A54797064
:10B06000652068656C7020746F206C69737420743F
:10B070006865736520616761696E0D0A0D0A0000DD
:10B0800068656C70000000003E2000000820080089
:10B090004661696C656420746F20737461727420FA
:10B0A0007468652072756E2074696D6520737461B3
:10B0B00074732074696D65720A000000766572739E
:10B0C000696F6E0076657273696F6E3A0D0A2020A3
:10B0D0005072696E7420746865206669726D77615C
:10B0E0007265206275696C64206964656E74696656
:10B0F0006965720D0A0000007265736574000000D6
:10B1000072657365743A0D0A202052657365742068
:10B11000746865206D6963726F636F6E74726F6CB3
:10B120006C65720D0A000000737461747300000096
:10B1300073746174733A0D0A20205072696E742022
:10B14000706572207461736B2072756E2074696D06
:10B150006520737461746973746963730D0A000008
:10B160007461736B4C697374000000007461736BDD
:10B170004C6973743A0D0A20204C6973742065760B
:10B18000657279207461736B2077697468206974C3
:10B190007320737461746520616E64206D696E69DB
:10B1A0006D756D206672656520737461636B0D0A41
:10B1B0000000000068656170000000006865617053
:10B1C0003A0D0A20205072696E74206672656520FF
:10B1D000616E64206D696E696D756D20657665724E
:10B1E000206672656520686561700D0A00000000C8
:10B1F00025730000436F6D6D616E64206E6F742067
:10B200007265636F676E697365642E20456E746541
:10B2100072202768656C702720746F207365652025
:10B2200061206C697374206F6620617661696C615E
:10B23000626C6520636F6D6D616E64732E0D0A0024
:10B24000496E636F727265637420636F6D6D616EBA
:10B250006420706172616D657465722873292E2097
:10B26000456E746572202768656C702720746F20A6
:10B270007365652061206C697374206F6620617648
:10B2800061696C61626C6520636F6D6D616E647382
:10B290002E0D0A0068656C703A0D0A20204C697307
:10B2A000747320616C6C20746865207265676973C3
:10B2B000746572656420636F6D6D616E64730D0AF1
:10B2C000000000006D61696E5461736B0000000046
:10B2D000636C695461736B4E616D65007072696E69
:10B2E000745461736B4E616D650000006465666146
:10B2F000756C745461736B0049444C450000000048
:10B300000925630925750925750925750D0A0000AC
:10B310000925750909257525250D0A0009257509D1
:10B32000093C3125250D0A00232D302B200000007B
:10B33000686C4C0065666745464700003031323323
:10B340003435363738394142434445460000000021
:10B35000303132333435363738396162636465668B
:10B3600000000000412D46612D66383930313233FE
:10B37000343536375D0000002B2D000030300000E2
:10B3800078580000D8B30008C8B3000898B3000884
:10B39000B8B30008A8B3000898AC0008A8AC00082F
:10B3A000A13500080100000004AD000810AD000840
:10B3B000CD340008010000006CAD000880AD00082D
:10B3C0003936000801000000D0AD0008DCAD0008EF
:10B3D0009D3600080000000028AE000830AE0008CE
:10B3E000CD36000801000000526573657474696E03
:10B3F000670D0A0048B4000838B4000828B40008F3
:10B4000018B4000808B40008BCB00008C4B00008B4
:10B41000113B000800000000F8B0000800B100086F
:10B42000293A00080000000028B1000830B10008E7
:10B43000213B00080000000060B100086CB100086A
:10B44000413B000800000000B4B10008BCB1000896
:10B45000613B00080000000080B0000894B20008C2
:10B46000DD3D0008000000000600000000000000B4
:10B4700001020304000000000000000001020304B8
:0CB480000607080900061016000610164A
:08B48C00F457FF7F01000000EE
:04B494006902000841
:04B498004102000865
:10B49C0004000020000000008C000020F4000020BC
:10B4AC005C01002000000000000000000000000013
:10B4BC000000000000000000000000000000000080
:10B4CC000000000000000000000000000000000070
:10B4DC000000000000000000000000000000000060
:10B4EC0000000000030000008C0000200800000099
:10B4FC000024F4000100000010000000AAAAAAAA6F
:040000050800A8C582
:00000001FF
